,mean_phi,std
0,0.018566059466472974,0.03666621129381421
1,0.021465426393854972,0.02816044486090854
2,0.029589260189943782,0.06351801446594985
3,0.01363147717477479,0.04934352415304575
4,0.038599089289252944,0.06233938095417694
5,0.04602618624979349,0.05665231505076583
6,0.020378240776001602,0.03720371837564211
7,0.047588243320210166,0.04954234261406315
8,0.02282258254309079,0.03383733344786247
9,0.045693794303761866,0.052945652893801286
10,0.06959914199052444,0.05659673191654564
11,0.0637838570635412,0.0668708377608517
12,0.08304730957167959,0.06274470662012517
13,0.07538093859028881,0.05693787388968137
14,0.0706436882470303,0.07025415685340025
15,0.060867683572037666,0.050706436155673475
16,0.060932409419821455,0.08044853342656674
17,0.05439069694033889,0.05825558814229747
18,0.04858981909945,0.06343191234828353
19,0.06030697305685847,0.06263049354894668
20,0.07615723700954129,0.04685169607072612
21,0.06728067204365372,0.04703657247786985
22,0.06622275915174178,0.061422832112369034
23,0.05562903947504293,0.04691673660863847
24,0.03325224074729681,0.04403307102497368
25,0.015429538803252527,0.042504131044207014
26,0.04811292487442642,0.047745428714107654
27,0.024429259024315947,0.0510243324352969
28,0.05734528776891591,0.0529013015737332
29,0.0766060514955775,0.048323927670990766
30,0.06153123454739222,0.06580903062368165
31,0.07191474987282492,0.05287885833363889
32,0.07059066327656709,0.06865252309656349
33,0.09661864984079865,0.058508125534506995
34,0.11400900650454045,0.04139899904685638
35,0.0538755371485935,0.05272859939520254
36,0.07184510324497685,0.06719655487987039
37,0.05935066974417613,0.06033123555031125
38,0.04745154015708951,0.05730104393992675
39,0.05390142433564572,0.06521226323342809
40,0.06499013386744587,0.06049272289168885
41,0.06577874153970958,0.054228955015912204
42,0.078948890448963,0.06770235446606869
43,0.07545493809699702,0.05564798254686156
44,0.076583422145036,0.07259535815103138
45,0.11185324058616633,0.07185757561952424
46,0.07556073987952043,0.05979360069988957
47,0.10983962022230494,0.07272358687406195
48,0.09577571106757035,0.05654988411546057
49,0.0704693442736368,0.05615105769417455
50,0.06613674005761333,0.06036587768241347
51,0.08369835814954571,0.04532245845775576
52,0.08280587949706518,0.054580097446141375
53,0.04036091246339997,0.046260137362361835
54,0.0781990144321644,0.046540381427061656
55,0.07777773404675989,0.04464369393617124
56,0.07554808589843348,0.03967986137786768
57,0.05592370625422195,0.055249493184883695
58,0.08231852048540071,0.052822010782087855
59,0.07189712912053195,0.06177481704879546
60,0.0925593393898051,0.08091957100716966
61,0.09586426240072024,0.08448982280018992
62,0.10202679422238517,0.07627791129813219
63,0.06806587354693963,0.07223062130574164
64,0.07590730476705466,0.06406994243395382
65,0.09332239040864929,0.05098376721238223
66,0.08068675438906112,0.07439741423536363
67,0.05690115722010765,0.08696503374378034
68,0.0542827119633526,0.04593951046790992
69,0.0870393776036414,0.06028562973236778
70,0.06735867347612289,0.06297300645071924
71,0.08810149446912235,0.041616985829650344
72,0.08026150556666911,0.06013739734736288
73,0.06799997087364486,0.05644002590114505
74,0.08784460591650314,0.04002789878815951
75,0.08977163784777653,0.032719341165935466
76,0.06461912825605166,0.03233355667941626
77,0.08340786208714479,0.05086829995506871
78,0.07337360454155994,0.04926234561601059
79,0.058771254259506724,0.047056433366849594
80,0.04954217680097794,0.06426099297579006
81,0.0742989696140893,0.07137468637934583
82,0.0821171124429583,0.0704244641615982
83,0.06246260006287324,0.040043931917144046
84,0.07208015468989307,0.055269486389164124
85,0.06301145968801744,0.06179514543715245
86,0.059530908815887316,0.053897768359393784
87,0.07436246376876827,0.06255830811829785
88,0.05234012317383966,0.049822628523860865
89,0.0372488849494889,0.058885283286472814
90,0.0840287224856603,0.02505622628447742
91,0.0807671355849071,0.07344038047297535
92,0.07466891786000787,0.0636047391395192
93,0.08398525140098137,0.0663602511447163
94,0.08199665524238399,0.05876539800116519
95,0.10291755342901339,0.06560495132465562
96,0.08749163869412273,0.05959378883901492
97,0.061835789661828164,0.06101654025985186
98,0.06625291236634757,0.04822201014829281
99,0.07504809483668853,0.04060016327513306
100,0.040112845525836396,0.05330765175287061
101,0.0726578420409709,0.03639102814829188
102,0.04984897150294817,0.047149263012995005
103,0.0603266999718922,0.05406179444138208
104,0.07809414918231658,0.08292936708095383
105,0.09193883163524383,0.08797960733898784
106,0.07868710247236695,0.06254441728819456
107,0.09053930593839918,0.049480366491768644
108,0.08834081680484819,0.0632336292074471
109,0.0872228446930893,0.05798429985684065
110,0.08345326092147864,0.07462680946209706
111,0.07220428823005673,0.038141483667286376
112,0.08096989847750664,0.05423269112087196
113,0.0859217177333414,0.05273343337394633
114,0.08175213941664654,0.0782074933242109
115,0.11819620960880675,0.05658651026032634
116,0.08185751277039206,0.06554928971887204
117,0.07077238982024339,0.05886998791535415
118,0.07454793624188433,0.05316984815432209
119,0.059602681486147016,0.039730332160760835
120,0.06468490993082744,0.07230542166125141
121,0.09120913700543179,0.05846720185927886
122,0.09260631009918231,0.0553414078957318
123,0.10147778887508363,0.06391408825273737
124,0.09681543812662093,0.08579104350512645
125,0.08006999847350263,0.07129523715663426
126,0.0959407314645642,0.0585789424435612
127,0.09518981822294119,0.06249761494255403
128,0.1084374332883189,0.07469484375251138
129,0.09871551148902072,0.054963611801527874
130,0.08659118805240854,0.046179795327411684
131,0.07939690423962152,0.08484326557116065
132,0.08680956622224154,0.05867753078401372
133,0.100034990833856,0.06893496879296544
134,0.06618912499311949,0.08184528963860237
135,0.08584169961876706,0.04966496659642461
136,0.08545389728252446,0.05886432885206455
137,0.07994302317628242,0.040107385922400395
138,0.08767791796193661,0.043643400720846603
139,0.07275696959440373,0.060951902554718766
140,0.07114590022642726,0.03698368569961585
141,0.07737196587959227,0.045549910595342705
142,0.09119471853250659,0.04386306178666404
143,0.07340464666600267,0.048606117071230054
144,0.07424797866512958,0.046120396167500716
145,0.10545833586168665,0.06862774135549803
146,0.10999899174905008,0.07627179462920267
147,0.09678089092570602,0.058355475876557664
148,0.10726157128347025,0.04551833481989216
149,0.09784521932257287,0.06520491071998047
150,0.09371465258148945,0.06178724850055086
151,0.08290538987494847,0.06133580302821069
152,0.0891977850602301,0.046859725591840914
153,0.10176624292400019,0.0462254358067745
154,0.11136042660223433,0.06793614238931395
155,0.10078279506276819,0.0484865828840131
156,0.05643341241314646,0.05895549810057347
157,0.10062844429987831,0.05428554919285423
158,0.09444096659409583,0.060995923289066035
159,0.10987606676880782,0.07831894382991468
160,0.11874000190950773,0.08202680269456308
161,0.09158441970636808,0.06323583773822229
162,0.09917545045154519,0.05210050983186222
163,0.08637930179865282,0.07292861282809396
164,0.10339871794810243,0.07100795690616944
165,0.10908124000713038,0.05093836511771307
166,0.09018075768589863,0.08107923407614592
167,0.09931916028627089,0.056424299256516604
168,0.059289817768247335,0.025937982401278738
169,0.0801140896293148,0.021668507548023713
170,0.10260711120098147,0.032864175780773594
171,0.07635791451708225,0.04560406320991392
172,0.08126465274713517,0.05572591876688647
173,0.09579401528891694,0.05836322683133089
174,0.07210693679674177,0.06522138386885971
175,0.06945304814290598,0.04194842922106588
176,0.08595256184783892,0.0673457084317831
177,0.11492213437314958,0.06078531447930775
178,0.09627056847203301,0.06346513329281799
179,0.08679437638287028,0.07547213332317931
180,0.06180524582719712,0.06162516287795263
181,0.08693684441094407,0.07460900444865957
182,0.10063980277756357,0.08036979166352178
183,0.10975328900481769,0.06471878183886495
184,0.09156342680646742,0.07066009487210956
185,0.09636337343887105,0.06435284588118081
186,0.10008168862466411,0.05479716740294661
187,0.11174400150313965,0.04288145453071409
188,0.10852949588753147,0.05428196421030169
189,0.08170784462294829,0.0624196090703243
190,0.07653470365225153,0.06667159928629586
191,0.0749567085872932,0.07128098682775073
192,0.09565796192341638,0.08189330806157635
193,0.09750773302779117,0.05557709649037331
194,0.08967413225996461,0.06304737398740512
195,0.09597662273344236,0.08781867991153626
196,0.10216814462771881,0.08550262770180575
197,0.09133096520624097,0.06202602334590628
198,0.10598065684137059,0.06974254259369325
199,0.09732427135345395,0.1001374384475646
200,0.09539584176470925,0.10148478555032221
201,0.08045600140360344,0.09826888879556019
202,0.08148374822492331,0.11185713771970804
203,0.09038059481955825,0.08486570444307953
204,0.09661458283973573,0.10227923007771335
205,0.08475197334992385,0.07527379736506527
206,0.07014971652578793,0.07023558528236178
207,0.04407234502350326,0.07286412874666995
208,0.07970760485415045,0.0871584739227761
209,0.07989658180645086,0.06706559604605267
210,0.0599011670857761,0.061045019111315574
211,0.07647195315911988,0.06837465993752764
212,0.09032174465401582,0.06230926327499172
213,0.08722898449337792,0.04914140687432836
214,0.09766723439435235,0.060325705179726886
215,0.12488439432731088,0.05344836258015381
216,0.1012734378371265,0.036637338227233
217,0.08778100347964489,0.06373908985170354
218,0.08025212983696459,0.07900970405552228
219,0.05010316534503516,0.05211734032533306
220,0.0624416068907214,0.059565465551022274
221,0.06595721618527471,0.05881625692683808
222,0.08164188649012584,0.0797037731448381
223,0.10298768022137376,0.0548256486678496
224,0.11329039648659997,0.06909629911950321
225,0.13864212582582794,0.08547819202882082
226,0.10332917632915103,0.076622119309728
227,0.1259827511589315,0.07617224493571877
228,0.12119449118461727,0.08002915346174236
229,0.08965742772604722,0.07214493157351408
230,0.09555999510066321,0.06291485144672908
231,0.07373059607131968,0.05846237766410098
232,0.09929607026308171,0.08913418172797641
233,0.12339975881721095,0.06689508502174892
234,0.13573151299804517,0.09743313823458644
235,0.10824797823258674,0.10126490876276362
236,0.1280229846095647,0.09176673411112625
237,0.11417987389023923,0.09445423595572269
238,0.09833989752452384,0.08087751851894354
239,0.11155015599079474,0.08771817428083137
240,0.10642595704663385,0.091759173242107
241,0.11161213210558796,0.09367499995737401
242,0.12286386197797561,0.09284711702295635
243,0.13797586483311736,0.08260529213483093
244,0.11504826818382245,0.0773840661000924
245,0.12495556721723548,0.05533066244422286
246,0.14327549106605558,0.05906612594636051
247,0.12476551793091892,0.05596206442865432
248,0.10528616575013801,0.03519761246280659
249,0.0849327504350717,0.05159110083290748
250,0.0975317492640076,0.07026726039674533
251,0.10551355812506444,0.05653636540198701
252,0.10517112598721838,0.07213360310535612
253,0.13394174667615624,0.06515183551394572
254,0.1205628799888245,0.0720853960670027
255,0.13883659617513544,0.06852589400245776
256,0.10323124230052136,0.052799892137629
257,0.12243230098652513,0.0644392716335229
258,0.13586752543180297,0.06920290777026607
259,0.13154315575189945,0.07568861086225961
260,0.11240497622525306,0.04788029166453088
261,0.13515188892178362,0.06057373816559621
262,0.12046944184047888,0.05476524941345256
263,0.1116158168731833,0.05499915842465315
264,0.0905052988678079,0.0616642522137713
265,0.09957358009831448,0.04736422094834724
266,0.08504703700925574,0.05323294641162569
267,0.12700754353335003,0.07066540824581416
268,0.12173184847935373,0.0562796652965653
269,0.11530990075350726,0.06682244769331558
270,0.12595612797961825,0.04617754485426091
271,0.1385882283329683,0.06644536789220006
272,0.11304850628358849,0.06622479967014548
273,0.09462175557354387,0.04444819051152988
274,0.10770478755939479,0.057205913393979034
275,0.09301617752573571,0.05289248515269392
276,0.07595969285813245,0.056532717746329654
277,0.08024869718771814,0.061158292622496405
278,0.11952944736036834,0.04616463625501986
279,0.10333943517830495,0.0674811246644232
280,0.13044060869780316,0.0836083018478182
281,0.11035217571772345,0.06751007001900156
282,0.11132429624254273,0.06454975783342756
283,0.07700509597262703,0.06392097984880235
284,0.14041316610277504,0.055761231200421806
285,0.14488394555307713,0.05408526021657522
286,0.11876764083289722,0.053528976583925754
287,0.12966060228425416,0.04213367407274272
288,0.12173259541515688,0.06905645380831468
289,0.13080011040075615,0.053995624147336725
290,0.13122066620143863,0.05874206147302544
291,0.1366958275932277,0.0535880805372727
292,0.16126723464315418,0.03915654808949405
293,0.12338387597044236,0.05568288953677934
294,0.08896967678100015,0.05933210554559569
295,0.10033071419602366,0.06680602770762381
296,0.11523405952958828,0.05507914796886045
297,0.11797455210141179,0.060242011006577834
298,0.129863476408726,0.040631048047984564
299,0.13181464081130978,0.04765003302813014
300,0.11280784548440918,0.07052370390019401
301,0.12947875828791994,0.05459674829239438
302,0.09410607297019953,0.041812464303021706
303,0.10098507571560207,0.052442347608194426
304,0.1004505001605902,0.053859044217284775
305,0.09882175359100373,0.03916269599843537
306,0.0908997586569956,0.05936895033130335
307,0.06813260061491433,0.05130299777806725
308,0.09070605997088468,0.07064323084088006
309,0.11267270643707447,0.07346356289198502
310,0.11261405006870276,0.07399040581255979
311,0.1198147686442999,0.05774388293425652
312,0.12588962635847428,0.06490229287332396
313,0.11571241625356896,0.08631215859975523
314,0.08364834519063788,0.07784615631694848
315,0.1010159423151948,0.07327385398073905
316,0.10837106148042626,0.08441645019281825
317,0.10203689586126925,0.07318641140428844
318,0.11925127386502561,0.06601505204204738
319,0.1219794127699843,0.08340118701709802
320,0.09218106188141188,0.06945982180249459
321,0.09904588027283118,0.06983256645963898
322,0.11036524800861805,0.05771562685872168
323,0.12497029197786136,0.06459363944930628
324,0.15469991222064208,0.0669842485484276
325,0.10725211699109724,0.05719394876426607
326,0.09374833344837545,0.05476716418312605
327,0.08757384822662209,0.04461184676626891
328,0.10452720493989114,0.0639320006966407
329,0.11540959056794842,0.07844139520913865
330,0.1267928761271488,0.046898960532470724
331,0.13149041492364116,0.05990028783721523
332,0.13084390638667218,0.05946516095196307
333,0.1273556684078011,0.07281466652920413
334,0.12785434103427978,0.07729206615596329
335,0.11946026500445764,0.09368299991756718
336,0.10766229213560521,0.08051668522859712
337,0.11110058326533896,0.07614214326983701
338,0.11984966563997428,0.06110410087304394
339,0.11902882350862816,0.053950647554075366
340,0.13435791918461645,0.08002968602602527
341,0.1436006693587389,0.06373170046049262
342,0.1431738772537489,0.06597251745264077
343,0.11961894577804491,0.06746651228455126
344,0.1155102076289866,0.07217985264877662
345,0.12241200394853144,0.07058470910124678
346,0.13226926563779068,0.06518037007715369
347,0.13126664732337395,0.0435690268822391
348,0.123094330503009,0.04235344060461205
349,0.1271222862687441,0.05188838856176786
350,0.14612801817002535,0.07025841408683949
351,0.14789612155564008,0.050610659767959545
352,0.14400094101067762,0.045376956884866294
353,0.13944712668705553,0.049238204869795896
354,0.13551533666879997,0.04503520055933348
355,0.14198706417112153,0.046643289790079125
356,0.1140663849463818,0.06203679319122776
357,0.1038777844931154,0.06356825353941457
358,0.10505815540631107,0.044620961537822836
359,0.11769088487007799,0.04318353617402066
360,0.13778157613541248,0.07424573295258215
361,0.1337415548898377,0.0741329063418842
362,0.12566924443581315,0.06408367955709078
363,0.13180186879269812,0.07438609521409986
364,0.12328107187633512,0.05617994576329879
365,0.1301655094605037,0.0808654964623682
366,0.13829359910929545,0.06453921292078604
367,0.1450760052626947,0.04981667991107806
368,0.11202762992869915,0.07147237255280195
369,0.1314444188868381,0.08411957001169605
370,0.12205200181545246,0.08286591314859885
371,0.15400287283998174,0.06135499323580286
372,0.15700526229823192,0.08117973676278112
373,0.13071451776939194,0.06351972105183183
374,0.1357532308183234,0.0565706446118741
375,0.1458677761061323,0.05885193470044689
376,0.1458452793072804,0.05352272919412056
377,0.15831801599406786,0.05562347809651644
378,0.12502360960663114,0.06686688125361086
379,0.11326995726674574,0.040963878278199396
380,0.11524518277217774,0.0575547569598862
381,0.12520880691834763,0.07189240395879114
382,0.11208529483426052,0.09953340952479306
383,0.10410622327370933,0.07595233973852332
384,0.12786224293170217,0.07138808619199061
385,0.1264286095520334,0.056872440435119805
386,0.11520380204830627,0.07869541482343753
387,0.09903299069853068,0.08042011697875341
388,0.11882189163047621,0.07425635068842273
389,0.14757332327546985,0.07736977453300238
390,0.1399248913490016,0.049401639460787815
391,0.12242920214188469,0.07279063427970847
392,0.1269940221113821,0.07725481955429023
393,0.12781255850499712,0.06220862551298943
394,0.12140795018064314,0.06863703326766454
395,0.13714948527465132,0.07428928490313781
396,0.14366621329056484,0.0667679773345362
397,0.13324511201717884,0.06295696800914742
398,0.1564833321932651,0.07079669955573843
399,0.1430583092710798,0.11026595445596879
400,0.15935873895386696,0.12205909125572335
401,0.15596305353231946,0.09625807004596507
402,0.1568917873804647,0.09738415441336652
403,0.13547223835404107,0.0633218988902506
404,0.13997008447286968,0.052239162656733264
405,0.14842032364113428,0.06361867855019987
406,0.1417024039930493,0.08494292480768953
407,0.13947195577896443,0.09489836792843274
408,0.1193290378201934,0.06262135629676596
409,0.12174265616763773,0.09760940976467912
410,0.159742464211189,0.09023413458759008
411,0.13520960363314408,0.10605099433441047
412,0.1378314582979819,0.0828447193172528
413,0.1282687648487529,0.0641495058370014
414,0.1369345152906247,0.09421662967933853
415,0.14480005542538282,0.05546720989907372
416,0.1441026005993527,0.05430088818841437
417,0.16724462645947735,0.05786777675583583
418,0.19389033533063568,0.048773319252917335
419,0.15893771598416445,0.0408245325922503
420,0.1723546099094723,0.07669525210946607
421,0.15100815709385082,0.045987940892418894
422,0.16249170791370146,0.05528091410546162
423,0.17290179948314474,0.0643041185935701
424,0.15033757891145888,0.08164596313446759
425,0.17346683342566513,0.1036594411090031
426,0.1587369020922327,0.10572867354518334
427,0.165942530416743,0.08845264710078055
428,0.15711036621497632,0.07878982347811449
429,0.14885957098552174,0.09159413769459487
430,0.14292186287987302,0.07275023092069856
431,0.1458193568760431,0.058129966333242855
432,0.1477277338818416,0.08489179634512191
433,0.16913026139218842,0.09521537552864352
434,0.18109515604266901,0.1030896819054555
435,0.20182505106131082,0.07190241909374177
436,0.18562818573799264,0.07764571814202349
437,0.1445310767751066,0.07680933909966127
438,0.1569307446480849,0.07011477297503371
439,0.1808140305587094,0.06494400164660698
440,0.15847915646138905,0.07531728301806835
441,0.16552736874096557,0.08198548011624514
442,0.18254702449162,0.05673594978922687
443,0.1682645786869803,0.04310015797879228
444,0.17299018220779463,0.06262036125587102
445,0.17711769307714192,0.05377675258979043
446,0.18301886352807192,0.05464215985443119
447,0.1670697984879466,0.042941782773793354
448,0.16501119067988207,0.05709134232584977
449,0.1574493970141071,0.06198158749176335
450,0.17203774969363964,0.06645424688088672
451,0.1826648000493507,0.06110361611209385
452,0.16708999113062462,0.09290531528555054
453,0.16464676083130816,0.0822597404198191
454,0.1727413698558194,0.09095481380531364
455,0.16157941522515565,0.08230207412283184
456,0.15097806906313832,0.09090108904392083
457,0.14307784920373873,0.08596808260594609
458,0.16641663710427418,0.06158144797893183
459,0.1754244808818121,0.06363384527567766
460,0.1419596128725084,0.0698508712450869
461,0.15364529169602653,0.08906919845265426
462,0.16428902239051132,0.06393660475928879
463,0.16863152958152314,0.07409498365335176
464,0.1525380596199893,0.07380350792046368
465,0.16841092639892416,0.04053139243416006
466,0.15214800711210302,0.07731717591746237
467,0.14467804526887545,0.06660606633970913
468,0.14158292826639934,0.07877894932420841
469,0.17457968011038463,0.05969911753435407
470,0.14455865400973159,0.0633550193265427
471,0.1535630465878996,0.0920315669982633
472,0.1443337261418235,0.07103465698867871
473,0.15822374123235924,0.06591358517163812
474,0.15242471028312782,0.06730265659468973
475,0.16613243288647656,0.07168495625189118
476,0.17766392972606448,0.08400684960065777
477,0.1816872271055467,0.08614870265385977
478,0.16795164198087612,0.07088978595185827
479,0.16131695085090816,0.090278634015523
480,0.178017439610426,0.11063339848820698
481,0.17168461314603348,0.0898895404116578
482,0.14325208944027684,0.0639274358177593
483,0.14982597936693262,0.07473869062555455
484,0.15798234974238068,0.0840317004637256
485,0.17448091258921397,0.08437898628163129
486,0.1417773769703671,0.08768099740362302
487,0.14679197456365028,0.07612598576094304
488,0.13208430750168626,0.05887542496305429
489,0.16982138774655814,0.07085536730432763
490,0.14881733470648398,0.06005491171414658
491,0.1590408448177521,0.07005423408876509
492,0.14098837693538563,0.08440646678924736
493,0.1634090196396844,0.07357958459502044
494,0.13410157536283165,0.08048325575486642
495,0.14223540942979984,0.05993382735414726
496,0.13611888484238477,0.05947036195950493
497,0.15351858197301096,0.07610501667975549
498,0.13216730019186582,0.0667136049338756
499,0.1351078091776377,0.05332401386371882
500,0.13966392558025822,0.05699806861236974
501,0.1639511299744975,0.06568178966863665
502,0.15797327676918949,0.0909951300806573
503,0.13623516432239696,0.09119009484329009
504,0.1595413187237666,0.07226421368929883
505,0.1624336840136376,0.09678862884547461
506,0.1776446255132578,0.06641938612133272
507,0.1686564008689932,0.0842584534234088
508,0.1710019026130816,0.09551240058755273
509,0.1692811978217067,0.08294381750411857
510,0.15046657683618847,0.0664572205585061
511,0.1360780186026185,0.0794732605151666
512,0.15118238577897705,0.08427309280659166
513,0.1437005853480319,0.0821247092892247
514,0.15296718917540972,0.06799416583077604
515,0.16009824928038058,0.07517563747330538
516,0.15797561899704665,0.07022528902489988
517,0.12639565418668122,0.0881550428823902
518,0.1415638988394883,0.09366717104124797
519,0.1338397239803602,0.0839018579114177
520,0.1548522328977865,0.07419835917372886
521,0.1520808719978446,0.08526148028827654
522,0.15824497327673703,0.08931913435003877
523,0.1562097883588501,0.08565470216784045
524,0.16242310737505455,0.09371493392273693
525,0.1533486961476148,0.09861066300941494
526,0.17220410857001994,0.1048194518589074
527,0.1865097792650721,0.09465827920481026
528,0.16794522791968003,0.09817900925548284
529,0.1615393243644647,0.12467721478231668
530,0.18527853018336343,0.10801275387284952
531,0.19919396822867358,0.10656190974004029
532,0.20129070615049338,0.1200840278476907
533,0.21219788402817558,0.11974047574750128
534,0.21404221994221126,0.11397611259338843
535,0.21744227392827073,0.08683266282664855
536,0.1812626559734972,0.080016352932757
537,0.21982359874351842,0.07785181468407301
538,0.20700893295787637,0.09881848222406735
539,0.22514578862899257,0.0786758732234078
540,0.21482222372620807,0.0984739688447596
541,0.20186658314369205,0.09326876151932238
542,0.1855718520976462,0.07266896312896375
543,0.1733808182328191,0.08482277573868291
544,0.16890382611611096,0.07499549116676402
545,0.18349038338780488,0.09040286132370763
546,0.17657530180407138,0.0773618697161719
547,0.16012075872168685,0.0831693122302619
548,0.17303724688052347,0.06461473410394626
549,0.1829214422576213,0.05452201531042906
550,0.17697139809572446,0.055258007674148776
551,0.18927809399467022,0.06617023751447469
552,0.14533705168778294,0.045650758403832974
553,0.17828783266784792,0.05869607811212152
554,0.1791366511898718,0.05521184700211833
555,0.17682548890544886,0.06371305155996833
556,0.18295605056012104,0.03573203615067686
557,0.1841598772610247,0.0543493463544411
558,0.1943484416001527,0.055710008132884625
559,0.19296988024648254,0.06643170799558401
560,0.187332550215496,0.08898688892989944
561,0.17449262999964008,0.07978583169212028
562,0.15894738802880198,0.08342236842274733
563,0.15533074092849058,0.05925593541059948
564,0.1588994097504226,0.07792328170971505
565,0.19482560106501087,0.048907910408776074
566,0.1855163890119976,0.05872401528715023
567,0.1919323704641932,0.06679733512620915
568,0.18368269167069562,0.07295916793924166
569,0.18819820379135374,0.07563990867717602
570,0.198086455415242,0.05982354334103302
571,0.18672918701362995,0.0550932318403168
572,0.16896714147488245,0.04816107638451917
573,0.1919743643168888,0.053744009525324585
574,0.154037555207413,0.07828078364852568
575,0.15685722613827022,0.059648332035482136
576,0.16022538818760118,0.09272046987615928
577,0.17480502573654969,0.08068404021140684
578,0.1691751413102836,0.08810192966146183
579,0.17523791120475576,0.09719172152140931
580,0.19064410457321876,0.07161112016433452
581,0.17581356415554025,0.07547805189815021
582,0.17391462684234288,0.065834110839524
583,0.16999510639594978,0.07254653539979665
584,0.1857572870865581,0.07479714113157222
585,0.19841594357892647,0.06883588124655751
586,0.18138152737667498,0.06980279380006052
587,0.1871918220224451,0.060600230284273617
588,0.193196607633333,0.07117094405225388
589,0.2020592257795518,0.0746011139315968
590,0.16936815141349168,0.08485471511031663
591,0.18780555484364406,0.06959522655577606
592,0.20360072252253492,0.08473185220586024
593,0.18790794630545019,0.08308141182359319
594,0.21369459115309625,0.061701856734690703
595,0.18890724896714836,0.06602134822803232
596,0.2072893793597906,0.07458919790047233
597,0.1893769818703921,0.060669144701185174
598,0.18386581569221733,0.08182755964521243
599,0.18481595003852572,0.07160865147293721
600,0.18861170991862322,0.08264897387517761
601,0.21367228005953004,0.07658433120436232
602,0.19233722530719838,0.09657875019438984
603,0.19063321253197457,0.0752183357016282
604,0.1778741748351756,0.08132519935538476
605,0.16632337398974692,0.09094661292471679
606,0.17211150564061733,0.08510704915440355
607,0.1754963979768734,0.09583778292939722
608,0.18134054077074374,0.05129746778160992
609,0.18343181061525843,0.08475817748713385
610,0.1698023281845492,0.07373039428387661
611,0.18074370377360952,0.07234676496573322
612,0.16644466604602356,0.08245195625385977
613,0.18576702133233652,0.08146119685681849
614,0.19307500654847978,0.10663995807698559
615,0.2019687818190659,0.0633198712673227
616,0.21173849392149835,0.07054850570039384
617,0.23665554087481921,0.07754389872735375
618,0.2308983558187049,0.0825297268996984
619,0.20267490427106863,0.07369413987140165
620,0.2144767043917653,0.10036748383038388
621,0.19812216720861459,0.07949497429665676
622,0.21421132797227743,0.08496378346687364
623,0.21571369225425543,0.08790723190080893
624,0.20709431220832006,0.06133654130450969
625,0.22604105689591075,0.06338542258021528
626,0.19960849806810993,0.05544514616693715
627,0.19290420134370165,0.05681379001814574
628,0.1661040560059319,0.07833910958646269
629,0.1805160236353959,0.06118644397926782
630,0.169057553983825,0.07192977109264745
631,0.1623709484680579,0.07420043953229494
632,0.18116369369552993,0.07587576747241312
633,0.16829716356842828,0.06631108336905323
634,0.17158226059935167,0.07196146780972405
635,0.1859870027043931,0.0675613059098876
636,0.15482155442295625,0.06444512569241714
637,0.18117472467680784,0.058529671738766297
638,0.16215383487903076,0.07242478127172375
639,0.16565790834389704,0.07648784099213823
640,0.13513771104854042,0.06582610343957648
641,0.15111773668403056,0.08462993394179692
642,0.15862019200738015,0.08426948860969007
643,0.1709634380505314,0.08476417375705574
644,0.1810851937142552,0.08016147279986123
645,0.1810231165584228,0.08725331585496032
646,0.19501371705907705,0.08092102311736932
647,0.19773689168356104,0.09136658877237012
648,0.17956320282750857,0.08707813576581853
649,0.1882292057896487,0.11049591707643003
650,0.17476629510679006,0.08354414311589783
651,0.17927995385131257,0.09972334947088665
652,0.20486138026826475,0.11698542272897261
653,0.21256793255083567,0.07670805173196743
654,0.18521415659936963,0.06956177000687568
655,0.19027629000751495,0.0865319139407377
656,0.1717680281733878,0.0983982852817288
657,0.1917534566923767,0.09240222378063126
658,0.1913004981100444,0.09301734769348068
659,0.18296021281917732,0.08536060434078997
660,0.18506868724370829,0.10416112383899905
661,0.19904637391796504,0.09079651956221037
662,0.21275818653485393,0.09816494874096296
663,0.2167455647338652,0.09385916408886669
664,0.19020373358300918,0.07755303706746171
665,0.2101241429235226,0.07768885355772787
666,0.21597067009725,0.07641083944757916
667,0.2027063086085769,0.10222482388704154
668,0.23546138228463356,0.08447099270737442
669,0.23634876187130338,0.09635991422842177
670,0.23922114779162268,0.07655170493727623
671,0.2245670187607661,0.08609304860987849
672,0.19314581024265293,0.06465888165580902
673,0.1829964790263361,0.0663822507510138
674,0.16094438103693903,0.07389880543113858
675,0.15958801688628244,0.05234013167657995
676,0.1572737155877669,0.04918338008496
677,0.17019420414957181,0.05027100929684774
678,0.16202579733038586,0.05874838329916333
679,0.18043546674965466,0.0723986594394047
680,0.1880103940936796,0.09932578092979612
681,0.2112266900038394,0.04462368499437381
682,0.194679398975617,0.08281387455317463
683,0.1955323241103478,0.08686327358120682
684,0.2030627935301191,0.08196524434885216
685,0.2059149048265961,0.06306505114698294
686,0.22214931061609894,0.09252190081560041
687,0.20702949855595212,0.09019884755763256
688,0.16988823898657507,0.062440844105283694
689,0.15861590145869608,0.07286380782877272
690,0.17664095321598086,0.0791011753351407
691,0.1547502358118822,0.07166726648777477
692,0.15213668346209355,0.07863345838675041
693,0.18304692492395574,0.08918510238140245
694,0.18862426726465326,0.05956359144378366
695,0.18123372082650063,0.08952488003651089
696,0.1643912263680185,0.07425733917046794
697,0.17777086429285932,0.07852009929514077
698,0.18514815876070218,0.0812437430646391
699,0.1759754363608251,0.08645590582622276
700,0.16796649195893804,0.06958968961816994
701,0.18359901381762897,0.07350498131358678
702,0.17345071398932546,0.08420546412157134
703,0.19141425385325392,0.05866773874740776
704,0.18494007849780045,0.06889727955323224
705,0.2227099178064767,0.06609181352654317
706,0.2136215886388833,0.06585521904722538
707,0.16186073785570387,0.06636952543972444
708,0.16031892254166918,0.08800393576253152
709,0.16452062673664797,0.0934124457557466
710,0.19828193888766216,0.11434817902049839
711,0.17458242039320418,0.09405914988892557
712,0.18385082860532825,0.07953364007390186
713,0.18373905340345992,0.08088869384627848
714,0.17912413017359546,0.07066466443975407
715,0.20590206249224866,0.08809832232288006
716,0.20729456175877176,0.07664383448172545
717,0.21266890556897552,0.09503622015432515
718,0.21876962475125805,0.09263736154211387
719,0.21717069665328936,0.07547932217669473
720,0.20499931161463003,0.06575228616106568
721,0.21727052712969316,0.07094558002055548
722,0.20498464233120023,0.08423293784566131
723,0.21988507113122785,0.09192635485064049
724,0.2191392912123415,0.08762120162061679
725,0.21352784693339427,0.09081875361576547
726,0.20306703660164835,0.052580773994736395
727,0.20146131493794622,0.06302171243743261
728,0.2160591499009923,0.10367996216572714
729,0.19707905764311529,0.09203281518617348
730,0.19062946466116645,0.08362311217957608
731,0.20593717585140148,0.08718222564810181
732,0.22563665363644034,0.07290623616750276
733,0.20262563902149347,0.07007242709636817
734,0.20582363218400754,0.07257519703967528
735,0.2004972217918482,0.06963101065057557
736,0.20891317807903817,0.059808407617983915
737,0.20562323962570814,0.07109235044083757
738,0.18946475722865297,0.05197096101277501
739,0.1902978548625963,0.03870566412203283
740,0.20913435665114602,0.04380139827030505
741,0.20407746435721844,0.04496316443784471
742,0.21308977249150135,0.06745438295579688
743,0.18196707357837708,0.06470480790927093
744,0.19134898029353944,0.07358587038031042
745,0.18754460951934276,0.07332034635494626
746,0.19162238356525432,0.07095428034282969
747,0.20359464136800426,0.07513675961548534
748,0.1987844555957539,0.06944504161087209
749,0.17968053146726867,0.09249190423985552
750,0.18087628443901285,0.0846146798780566
751,0.19207602809606844,0.086534609017558
752,0.18393441701617902,0.06664785661328727
753,0.19369020232330422,0.08031696477645782
754,0.17264228354439073,0.06844560462630321
755,0.1898350312672434,0.09336046673290632
756,0.2043723209580585,0.09037079037849588
757,0.19107903466450976,0.07173388464380974
758,0.18327749354527118,0.06024885641225264
759,0.1827137640716902,0.07759127626395597
760,0.2175124290535852,0.05625385002935219
761,0.19868772220187542,0.07070654029000399
762,0.17633886844667981,0.06852045830085489
763,0.18656663712204066,0.08053491094644265
764,0.18531176451783254,0.050376190177571833
765,0.20675379135300775,0.06185521261386765
766,0.2097868299616811,0.04958787232603543
767,0.18075342657063892,0.05624966315227557
768,0.20914710305188042,0.05905086436148105
769,0.19628831990879173,0.08794742167343067
770,0.19958559714314733,0.07093461154863313
771,0.19607797980868985,0.09104928625864571
772,0.18502226098477056,0.10380966571528867
773,0.19268061302108266,0.08671658497031541
774,0.21466554857489667,0.06127015269568095
775,0.2386101602881075,0.06974079976575745
776,0.23513570272443984,0.07511120288903927
777,0.2106161277261251,0.08397723578350823
778,0.22106014763034426,0.03722103976557926
779,0.22468275542127492,0.08074739808020487
780,0.24347620156068595,0.06340714622075402
781,0.2074667086092723,0.06342491392875282
782,0.2227735985649939,0.0619011017789456
783,0.21780936031214435,0.06128183566779907
784,0.2032635547957387,0.06993696031376555
785,0.224533282243139,0.06995176068522782
786,0.2573730039204011,0.07825463830970987
787,0.2385881532086803,0.08404407229608687
788,0.22492087352265674,0.09527218793504202
789,0.23523750306922508,0.08207811539722112
790,0.2308790780951564,0.07086429260046169
791,0.24790559757446395,0.057937161090280416
792,0.2515370392663297,0.05594289464630438
793,0.2627424899718413,0.061389671383535266
794,0.2550791596688771,0.06518790919623654
795,0.24749198447250081,0.0556615170576449
796,0.250719466022725,0.05736642785225592
797,0.2504102671208946,0.07043349021697048
798,0.24042142820847015,0.05518279027973884
799,0.23842968375982826,0.07373105234399863
800,0.23263848109642232,0.05807306251455639
801,0.23485167139391008,0.08571431503526357
802,0.2276530883466029,0.08477792369659491
803,0.20651792676616493,0.058877268888031194
804,0.21013367711153513,0.06042880146258964
805,0.22038313100674287,0.058120757371443336
806,0.23249759879304227,0.0685211952734162
807,0.21323848964695938,0.08653935905312939
808,0.21153916859782051,0.08556443430451459
809,0.22908909918936202,0.0656360039142688
810,0.21370615886160613,0.06851261070418846
811,0.218737493689266,0.06812677983205512
812,0.24419028538926185,0.06297282182624012
813,0.23185056212398097,0.0500343752493406
814,0.25923562691691493,0.058678372370019126
815,0.2482498078921743,0.0671706994981227
816,0.26285102654320813,0.07998915669902022
817,0.23753578318464125,0.03464836852916984
818,0.2252751434040558,0.048100394866449105
819,0.21647528456059723,0.06961405074798548
820,0.23223441457694588,0.0716795850247965
821,0.22722542069928098,0.06899335839510334
822,0.2221285493450252,0.08591881318573687
823,0.22172008154160577,0.07029496140488703
824,0.2269299145228111,0.0838903933027158
825,0.22976910303866965,0.08167694627761515
826,0.2339115785338776,0.10425770823924192
827,0.2150436071438672,0.10427128494177051
828,0.21601196053035313,0.07974549510200975
829,0.23363962386530823,0.07255319929162166
830,0.24092495158083063,0.08927871985571353
831,0.2180767406750665,0.08638572778366053
832,0.24115165613815354,0.10038341553880305
833,0.24288756482635657,0.09979917033460906
834,0.24291342075611122,0.09736635815252109
835,0.22331152432706602,0.08948301667076784
836,0.2288346018334424,0.0801474601146625
837,0.243114793911447,0.07909274744635124
838,0.2109804485483105,0.09150150949536205
839,0.2193213916886038,0.08214117078518005
840,0.19876598475479718,0.08032853243973459
841,0.23078362650700335,0.06181922803995115
842,0.22058430156951686,0.0542993778467646
843,0.23984556560600406,0.05279259136096421
844,0.24091622022979683,0.06730398906187754
845,0.20437095735215705,0.07059452822552584
846,0.22265004524216106,0.07035415757574837
847,0.19288060444545196,0.042181949133371845
848,0.20848004323465247,0.06499486923233803
849,0.2162316184545941,0.049437540896278824
850,0.2145465633461024,0.03927510126225387
851,0.21617780398899641,0.04296606950944208
852,0.22491582935759177,0.052280555420604544
853,0.23055444954178933,0.06005151257842246
854,0.23752963898237756,0.06560938323642977
855,0.25107709132672273,0.06704499951978334
856,0.25765086873602466,0.06618836039818847
857,0.24940670388053973,0.06878906504577609
858,0.26127272457610956,0.058284219295376166
859,0.2554307324776508,0.06758089274242803
860,0.27465309723300635,0.07319744349423714
861,0.2721635665889126,0.05776777501411501
862,0.28647882721167955,0.05786512330164405
863,0.26959512553789866,0.0696631833397195
864,0.2668951460732862,0.059043880495591915
865,0.265875110384788,0.053676393649159
866,0.27428775924657556,0.07228195420320666
867,0.27959145472226843,0.07631732391278523
868,0.2840928559748107,0.059986753004475694
869,0.2821187482972081,0.05761574462231892
870,0.2738619505883671,0.06337660426780058
871,0.26818008852212205,0.06760623619987985
872,0.24936854151292076,0.07901217025658357
873,0.2465770891788824,0.06524587570380579
874,0.2573436614512502,0.07309073390703949
875,0.2526844949334419,0.06068398779677234
876,0.24295350526235365,0.066886754748475
877,0.25336816808049323,0.05942795572743981
878,0.2664751613304649,0.07337514324848964
879,0.25865550295739126,0.07416245989033629
880,0.25125569307306367,0.08631545529097111
881,0.2535972079691363,0.0832171697814527
882,0.2499619062722127,0.08352570620880106
883,0.24598562732381474,0.06252763024109745
884,0.2348600551737356,0.05993881506787701
885,0.23413853777571836,0.08366665166418336
886,0.23653129588073654,0.08342943317162362
887,0.2468564862097713,0.05546723293186141
888,0.22773994848344792,0.04759833534731227
889,0.2560606019487325,0.06804005006403013
890,0.25029198251445145,0.09478685835033238
891,0.23172721264618232,0.09539625175231056
892,0.22564075229021463,0.08592082758448266
893,0.23505063124723513,0.0959466839016152
894,0.22993232325900057,0.09405731957433772
895,0.24019542488009377,0.09834476504257034
896,0.2413728628420035,0.07606660354212351
897,0.2507596291282041,0.07590439382564064
898,0.2389394987965215,0.09264126351083858
899,0.2298887090222959,0.0969904331748167
900,0.23384456175696275,0.08623426790146052
901,0.25846434236206484,0.08856668873592836
902,0.24156583908288698,0.06846965499473075
903,0.23872846128605532,0.09722291020052785
904,0.23919615351565948,0.10367350459629536
905,0.2799546267060867,0.09309050624965298
906,0.26587863246529947,0.07451597184051778
907,0.24819213604905022,0.0830581691130512
908,0.2097262618189958,0.07439203543690266
909,0.22590192733250286,0.07547390878498032
910,0.23206459561347886,0.06774983622120291
911,0.24851257799024165,0.08610943343277563
912,0.24886049691908893,0.09648660166806275
913,0.2495026710686611,0.0862695383315913
914,0.2320070837787998,0.0708256663633715
915,0.2373067059259663,0.09397768126668911
916,0.23968496959503732,0.10712389102544324
917,0.22259944959820546,0.085628511618381
918,0.21770585548496166,0.08984869759777836
919,0.22649710005799176,0.09034997480127283
920,0.19045763173722682,0.10305929698813751
921,0.1854288488244645,0.08373487573395509
922,0.2079166571313021,0.07695012370542421
923,0.1923272140673219,0.06707935981507554
924,0.19101255761137304,0.08546887959008634
925,0.19654873351416283,0.08921636317597191
926,0.18368821755910097,0.08872294346081332
927,0.23502608869261601,0.06960910135005015
928,0.20008332340000234,0.08335504839701172
929,0.22162545358760308,0.08060887899555541
930,0.21657610727086127,0.09014663186325347
931,0.2001618411937328,0.07455977346201512
932,0.22303480555665844,0.09368131796096513
933,0.23544786583429703,0.08770169361742744
934,0.22136472380389266,0.08660091401903496
935,0.21484729004785116,0.07558406367676004
936,0.23353775830338983,0.07224712559829193
937,0.2411613612626911,0.06805576633122809
938,0.22259037548667315,0.06163748698818164
939,0.21390180098571415,0.07534050736557606
940,0.200758966332886,0.0989117510218195
941,0.23930246782011838,0.06319228877692305
942,0.2531489882730072,0.08187667754219605
943,0.25432276474525456,0.06227716530672719
944,0.2589998992487093,0.06632789054979334
945,0.2326987647123837,0.08557204668689945
946,0.225253302265209,0.06414237144282331
947,0.2292771344118444,0.0808019996888021
948,0.21642382195232263,0.044956808169140355
949,0.22341085401527874,0.055240959239199416
950,0.22673329047922536,0.05634099687060347
951,0.23535473428013542,0.06794904405547428
952,0.2432662884688098,0.09074621742153086
953,0.23729977958884652,0.07117080249031484
954,0.24559992711887454,0.0854714140479911
955,0.23882047201172685,0.07624961287791436
956,0.24701404862132917,0.06654902924740927
957,0.24742088330218137,0.05072857130433804
958,0.2428752270632632,0.0684150266098622
959,0.26575105310266584,0.06273650743763802
960,0.26238638634887124,0.04829379639318749
961,0.23369698237335457,0.03965942721128286
962,0.21970082450138434,0.03672100612553757
963,0.2337963151696178,0.06325285969560951
964,0.2221756191205579,0.06785851530728015
965,0.20265733766341204,0.08617563270332891
966,0.1976146895965539,0.06687786773061377
967,0.2077180785824347,0.04311338204435105
968,0.22386947946417285,0.07501472926646334
969,0.21398151899312076,0.06394920221375525
970,0.22174132053025009,0.04313192293188917
971,0.2016000498881838,0.07659727745320563
972,0.20215218024120557,0.07059483840916231
973,0.21751185539536846,0.0627520994745699
974,0.22127257251964264,0.05238524440997636
975,0.2044141126157594,0.057928706887053226
976,0.21494784570281372,0.059852896994461516
977,0.2359380026923638,0.054776503598442196
978,0.2574117158952943,0.0880621756893485
979,0.2574240048345979,0.07839151324767514
980,0.24264411298801897,0.09788396751435205
981,0.2162321899956184,0.08493290370255838
982,0.2143045735884222,0.08087773877251835
983,0.2185782506568145,0.08697059576014061
984,0.2371868711538127,0.08849412991135953
985,0.2570669163269598,0.09284899797103657
986,0.26469580055050357,0.07170506249280768
987,0.27903573110750457,0.07304888462371764
988,0.2548887162070562,0.07418785970632337
989,0.2474425069281326,0.05686946523679935
990,0.26290943180366544,0.08796320531377448
991,0.26848172690179195,0.07660543989762482
992,0.2821072436371814,0.07208516602919646
993,0.26222315420819314,0.09124231555663734
994,0.2630188680273233,0.07095786998947688
995,0.2603166134498577,0.06662019366426941
996,0.2465558396287563,0.07273029567951676
997,0.24679533250373015,0.06690794207018153
998,0.2381556298701895,0.07961052853768438
999,0.2596854918865813,0.07126491843510271
1000,0.24573907922818106,0.07900350424238159
1001,0.23077491605868294,0.09088265310138911
1002,0.222601631019307,0.08097628168685066
1003,0.23050919956971253,0.07911603241494171
1004,0.22575475520158178,0.08498135250655028
1005,0.24196794009119485,0.08084809670235987
1006,0.26648190440921515,0.0656381928880253
1007,0.2447214048644113,0.06521729814848622
1008,0.24969337934344296,0.07644108880168902
1009,0.25248974812845654,0.09676599053888683
1010,0.23783222906109022,0.09232214119180382
1011,0.22512266510287313,0.06542995803738882
1012,0.2409288100156876,0.08608135351402528
1013,0.25262258629775125,0.1022713663612307
1014,0.25054758899924023,0.09913785133157439
1015,0.25635461125019543,0.09914525077377732
1016,0.23119357511674682,0.09726689709810164
1017,0.24949585710567762,0.08627113272689221
1018,0.23933190008426827,0.08172274779025862
1019,0.24073928612983245,0.08977796699920036
1020,0.2393348282578708,0.08296770926000699
1021,0.25780442385898816,0.09399719675457828
1022,0.23710683611377634,0.12141934797370714
1023,0.24673364371729808,0.10207703731806966
1024,0.23560852646450076,0.08910131851854897
1025,0.24801167433028842,0.0890635777279441
1026,0.26103638712936983,0.0780117067673338
1027,0.2464743154697165,0.07855969492881774
1028,0.2646726718907989,0.08345994867431973
1029,0.28983643416907323,0.07055594250955095
1030,0.28442368848380756,0.09677185687161223
1031,0.2688206543438786,0.06831603898840337
1032,0.2688312926758895,0.07980784588341393
1033,0.2806148114745188,0.07637585951959686
1034,0.3055435544816089,0.062313454638020294
1035,0.29919529970627007,0.07246688183393483
1036,0.29058773860487797,0.06796455715994458
1037,0.2814701141858501,0.07447140305891865
1038,0.27936059136915486,0.09047395830414365
1039,0.28875339272006306,0.07063637904065771
1040,0.27723420248444286,0.08412358273423054
1041,0.2735417948247863,0.09202945547175663
1042,0.2639099037719734,0.07188960466348204
1043,0.2452721605232123,0.07303434078839964
1044,0.25309675452086366,0.05740889024967469
1045,0.27972789818642485,0.05379307088717012
1046,0.27231131783041396,0.07086133705098495
1047,0.265055981913325,0.0793948259196154
1048,0.25194642111909016,0.07523299599844468
1049,0.25487887931595654,0.0659868800573387
1050,0.27146362114894107,0.07496640084260883
1051,0.2757287196544477,0.06776103227436987
1052,0.2914992467545441,0.08174448740096296
1053,0.2944411718329377,0.07893303177569368
1054,0.2788759063894732,0.0784656968278933
1055,0.30117064908117686,0.09284215077447755
1056,0.2878132431125026,0.08697627444512056
1057,0.28660494322350816,0.07198927206150188
1058,0.2971522599738865,0.05456355002638996
1059,0.2989735795762916,0.0524192896605568
1060,0.303461455225281,0.07838954665714425
1061,0.27522094898798555,0.08233489402871251
1062,0.29878572877074344,0.0845123295829979
1063,0.31175784706056625,0.06093825467365635
1064,0.2985942393594341,0.09485160279759787
1065,0.3074374453406495,0.0810266877596098
1066,0.3261264147901227,0.08474906501714032
1067,0.3093896209183499,0.0910665994061051
1068,0.3028936083311611,0.08145777567736351
1069,0.30232795644211297,0.08080203251045559
1070,0.30277516150982514,0.07248437667873063
1071,0.3104082893379574,0.07529689579182064
1072,0.3021644080630361,0.07048605628409603
1073,0.26775949657446096,0.09056459404722285
1074,0.30699165801386136,0.11420644951330126
1075,0.3071333503602248,0.09760532345694369
1076,0.29452492526646656,0.08224694827595934
1077,0.30055906691204454,0.08045482111151511
1078,0.2778886454410379,0.09154433339688418
1079,0.2710455116614807,0.09011392166594775
1080,0.25551482708126766,0.10853229852781625
1081,0.2777885554328228,0.09754317941167047
1082,0.2909926304767533,0.09409869405067914
1083,0.29179265380496944,0.09485394826355689
1084,0.29039692273204526,0.09651499565664487
1085,0.3025066898749649,0.08054508975493987
1086,0.2984467157199595,0.08874949035308032
1087,0.29628808933280815,0.09436978830170167
1088,0.2536181764099966,0.10738639258780117
1089,0.2821644993518015,0.09455858714448645
1090,0.2769174114298971,0.08357669406598192
1091,0.2656552047186273,0.08055898029700592
1092,0.27727706981793065,0.08077488440742696
1093,0.25366942741010945,0.07781028642985871
1094,0.24344223061138454,0.0897476125424691
1095,0.2445133252246924,0.10482225121659479
1096,0.2734933176315762,0.10575375307635755
1097,0.25023018599365543,0.09481943602775499
1098,0.24578501847543563,0.10048739677759119
1099,0.2768264120756919,0.1243617764365624
1100,0.26469293490015555,0.09097438921219841
1101,0.28827223346523484,0.08043816418368246
1102,0.28183739580785033,0.09060845389618975
1103,0.2816682713749891,0.07174050894680493
1104,0.2871194755287464,0.09675689807155398
1105,0.2889202853526429,0.10748533230692643
1106,0.27890381253509267,0.09335627784288145
1107,0.29408884794319456,0.07364193842172984
1108,0.2728083477975505,0.08986359778305539
1109,0.29378797754758734,0.07395882158186033
1110,0.28805432596483377,0.08238757038125698
1111,0.2883052601686752,0.08311937208428001
1112,0.27620601470385664,0.08028930059542955
1113,0.28752371994386466,0.07267807975370744
1114,0.28191185506148414,0.09636527366858201
1115,0.29870022334840335,0.10547395964583145
1116,0.2914435821738913,0.09733610391474073
1117,0.30352460354914257,0.0980272167752529
1118,0.2639008641524804,0.10990303565208831
1119,0.29289421770939705,0.09368386814826297
1120,0.28278603444858813,0.09013799191807287
1121,0.28027133608689536,0.07680302298338114
1122,0.2917331647784965,0.0676779559679237
1123,0.2807917400553322,0.05121795867944883
1124,0.2764905307527884,0.07011790882033754
1125,0.26419279703774723,0.06802585099034404
1126,0.27454774264629633,0.09135806656093996
1127,0.28320847993793336,0.09392547017173863
1128,0.28460619658952246,0.09233115327316406
1129,0.2807471472362232,0.0986614826502207
1130,0.2694019873970588,0.09574005177220578
1131,0.2952770099820511,0.1276518114384179
1132,0.2918089076834494,0.12486082547240658
1133,0.31852494719039376,0.081659810892274
1134,0.2968825286193181,0.08895666237661419
1135,0.27043355352179244,0.09329435572771703
1136,0.2924645623814978,0.09652010617672055
1137,0.28520588505283095,0.08639553417597301
1138,0.28347197690263537,0.08922415608694027
1139,0.27334016685486423,0.08576998656955379
1140,0.2827414717283654,0.10519487605308946
1141,0.28317469106475474,0.0702345694314282
1142,0.29701102390322626,0.0634462194257355
1143,0.29437643920875317,0.08565879516137358
1144,0.30309186340266525,0.08735488995237917
1145,0.288852995887214,0.09007015387166006
1146,0.3121134165612225,0.09143260959954978
1147,0.30295953608700377,0.07454330479590376
1148,0.2999242913530093,0.0657115762162337
1149,0.2902343697399479,0.07632987751182277
1150,0.30166905620146245,0.08066059203161323
1151,0.3034631225597176,0.10550493004894479
1152,0.29659717986979794,0.09542030105782007
1153,0.28421379755794046,0.0946074156191129
1154,0.2871378211488211,0.07622370936730054
1155,0.2892482949551257,0.09289332420221445
1156,0.2687208307324184,0.08783266567867597
1157,0.28111470742861566,0.09796009547522455
1158,0.24955185228653506,0.09195151669977003
1159,0.2748562795918433,0.08018061027948749
1160,0.3004854461121338,0.09579660472406644
1161,0.27582582496291086,0.07480938518893257
1162,0.28004056185986964,0.06539395107188628
1163,0.288085585874225,0.08367615268191399
1164,0.2597744603049073,0.08637731376785297
1165,0.28309450165283134,0.10727131153507492
1166,0.2845603223688985,0.11400555530068487
1167,0.2796876478683087,0.09655090775691616
1168,0.29701984596825237,0.09337959745055263
1169,0.2992901896122483,0.08231056297658626
1170,0.28735064484686185,0.07923691802160451
1171,0.29086637074964744,0.08477750790870327
1172,0.3236894383857457,0.08019112766315932
1173,0.31019207669607746,0.10058970658838856
1174,0.31364036859979966,0.0994992437530681
1175,0.330956160217949,0.08034352679719661
1176,0.31718035231609243,0.08554537277475534
1177,0.31931904662316873,0.09248293248948583
1178,0.32426620607156936,0.09004118560248839
1179,0.31434322977973317,0.0835508072908832
1180,0.3129703673370672,0.061220864572562775
1181,0.3114937333380596,0.0816007372373741
1182,0.31075241440674595,0.07820924998883652
1183,0.29663692792076857,0.0871168491283639
1184,0.30118115575047116,0.07894000828272178
1185,0.29182223043398225,0.07651924793485802
1186,0.3110991007886412,0.05602711188598304
1187,0.32983436130075006,0.07975928529183322
1188,0.29148931931159894,0.05338216249529193
1189,0.2928593315213079,0.06249315916066704
1190,0.28641147764135233,0.05036812358777193
1191,0.29172498590306156,0.05444153160669339
1192,0.297321264046032,0.07287598776981767
1193,0.28598805652099274,0.05924023025408349
1194,0.29102636694101097,0.07821309496667574
1195,0.2963949403462149,0.08252511417716485
1196,0.286359940569986,0.08971563037670317
1197,0.28416367096988954,0.09197607520775529
1198,0.28402143367481475,0.0847516679126961
1199,0.30225772285655533,0.08396233632682715
1200,0.30549181114813867,0.07790098973792947
1201,0.30725153365630703,0.09006597533423825
1202,0.3155849014237321,0.10897071881556361
1203,0.3000672328183804,0.10836867356766126
1204,0.29584906432743757,0.08146217033833364
1205,0.2847189879905489,0.08017379669328988
1206,0.29420670105905933,0.08363755882926145
1207,0.30709944771683884,0.08426636810774683
1208,0.2837115838045587,0.07132568418922995
1209,0.27185848675949786,0.07286897565526988
1210,0.28343588469750025,0.04328921928427558
1211,0.2810940559534247,0.06886260395421293
1212,0.3001213855182808,0.06953938051264813
1213,0.2968012112170594,0.06916228333835273
1214,0.2938771060241062,0.07967930460772928
1215,0.3002277296514381,0.06194330140047639
1216,0.28077053138148284,0.07829693741920528
1217,0.2795445164939176,0.045527504838227074
1218,0.29184779698547836,0.09703764674503702
1219,0.29100526586026737,0.09019096951324605
1220,0.29395501102054356,0.08350367183291332
1221,0.29080866501172864,0.07736172640197317
1222,0.2849305947733774,0.08107070727895146
1223,0.2941327116956006,0.07660790157940878
1224,0.29910287233052885,0.07121774238731304
1225,0.27984710093690107,0.08857644726640992
1226,0.2723446132499005,0.05603819016938694
1227,0.28980065153341567,0.084036591821823
1228,0.29252290339581777,0.07519786748812578
1229,0.27582775396096887,0.08073553719960189
1230,0.2807927620326287,0.08095083158540525
1231,0.27251597329148264,0.1056371072551066
1232,0.26590105589939783,0.08377928043695411
1233,0.27910026760521356,0.07057764345959248
1234,0.2981368673380545,0.06535779483036075
1235,0.28896062075152373,0.08501406034482029
1236,0.3084545053377478,0.05253644119972947
1237,0.29516222872415004,0.06166168981379545
1238,0.29561296977357543,0.059577827344096196
1239,0.31359632212542393,0.06108593263274619
1240,0.30266251628330054,0.07166940361585396
1241,0.3059214287917882,0.0829804025817034
1242,0.2800324413568013,0.07497028764265198
1243,0.27495146009810306,0.07213978381567354
1244,0.27678480135931005,0.06858877318093663
1245,0.29847327677186936,0.07279049245509817
1246,0.2946764309871722,0.07405007759787256
1247,0.3166262111412253,0.07875912502593364
1248,0.3029210040324165,0.06297418592655663
1249,0.29922778814071843,0.06739514482285487
1250,0.289672163994971,0.07682834961277304
1251,0.2962449614051891,0.08204538546500677
1252,0.29572805944543096,0.08510150583264639
1253,0.2994317932386107,0.08228405303637856
1254,0.29778036449058687,0.06876362915734387
1255,0.28367536568633916,0.07123138979868025
1256,0.2768410351971201,0.08375213245502396
1257,0.27867178916538465,0.10475753539057706
1258,0.2902226023878165,0.07863698452699881
1259,0.27913436398693975,0.09290115495199269
1260,0.2953615343808938,0.07352665790695072
1261,0.281102559597679,0.06730265359217223
1262,0.2755864169273557,0.0844823358141555
1263,0.26562454310021627,0.1025016322796936
1264,0.27777898909457704,0.11950645979535354
1265,0.2750803578910293,0.10545290187455006
1266,0.27319461440851955,0.09377725916933996
1267,0.28986123949530423,0.0878716426383057
1268,0.2692528434331973,0.10547719330206892
1269,0.2726551703657495,0.0830563939005253
1270,0.28335972170853074,0.07019538156425464
1271,0.29430096082885193,0.06207066917971289
1272,0.29119334334507896,0.055533347033320545
1273,0.28875458197531834,0.07079191034080169
1274,0.28358496446076614,0.08015565960114579
1275,0.27395652738847537,0.07003135785609305
1276,0.2714513721260373,0.06299588590786241
1277,0.2882783728299425,0.06141683130077847
1278,0.29371333140368827,0.0703498048035696
1279,0.2760473539149009,0.08576688100480884
1280,0.3131834690316852,0.06420461179619334
1281,0.2987194102012356,0.07213293088472368
1282,0.311348020311066,0.06409642304451806
1283,0.2830434541142448,0.07818448467505577
1284,0.2835504426113579,0.0900702128465439
1285,0.30959491917965093,0.06746512716732929
1286,0.30248280853093074,0.10365041731868052
1287,0.33332101102599737,0.0879645030460858
1288,0.33064112012258884,0.08686611115771971
1289,0.3042675126477569,0.07534578992823533
1290,0.30506922875364045,0.08060426488438789
1291,0.327573359771581,0.08845269048517825
1292,0.32171512684728887,0.06518625726691248
1293,0.3378343207790708,0.06639899988814432
1294,0.33132676329225824,0.09925679158624777
1295,0.3032902985976259,0.10786350657847249
1296,0.30896330592796,0.13148868628019428
1297,0.29061973393501067,0.13343152983362233
1298,0.2702804533573951,0.13599353196206024
1299,0.28896974966065553,0.12435666650811514
1300,0.2810654494685994,0.15161194309450726
1301,0.30812733574394224,0.10601242785135187
1302,0.29755689521467377,0.10381975435799183
1303,0.32885355211658424,0.09557451184869711
1304,0.2928535565279922,0.11137918188278269
1305,0.2902377932772165,0.12603067139927845
1306,0.30305548573145435,0.1293708441333882
1307,0.306356272822833,0.13910914055577192
1308,0.29371560794871193,0.1431255725690284
1309,0.28521072229955735,0.1604963760270461
1310,0.29433357208581007,0.15490267758504717
1311,0.29398406530574644,0.14247834597750028
1312,0.3005996099781624,0.13797876079566004
1313,0.2988283577875027,0.15554407410056348
1314,0.3071101765615832,0.1633332031323513
1315,0.28436033259317345,0.1465228313713934
1316,0.30669821232051137,0.14320831358547234
1317,0.2843717446351687,0.1280741485083657
1318,0.28491939239650077,0.12916921805468076
1319,0.2926622942418648,0.1207040761579169
1320,0.2853754173598027,0.1318566966260293
1321,0.28538434603479546,0.14191018203541234
1322,0.29130189789986705,0.14007018898224782
1323,0.29463853433830595,0.1358821471975222
1324,0.28837229432378975,0.12487723840313417
1325,0.2954179228558233,0.12487094521647792
1326,0.29468239429821,0.11270531211521606
1327,0.2713480514326749,0.1476174935860904
1328,0.3104492799912065,0.1545075111063215
1329,0.2980145029425618,0.1501142761791693
1330,0.27679381169553063,0.15013203564003091
1331,0.2609050784141102,0.146719006500739
1332,0.27254756769920957,0.12515939183936986
1333,0.2750110886586034,0.1176225565381938
1334,0.26499738684341867,0.12035490978868067
1335,0.3043863789039031,0.11590724044284964
1336,0.3021251854588862,0.10902825307495916
1337,0.29379179682319506,0.09998865098374574
1338,0.3029922491209568,0.09984778194235834
1339,0.29160184340645706,0.08582293901229299
1340,0.27936626365778056,0.10015124628899962
1341,0.2656450260639103,0.1125317827859403
1342,0.2753572107123841,0.11453525538617532
1343,0.27289486789077855,0.11294594890140426
1344,0.2905895937683704,0.11538513574129848
1345,0.28957910287184163,0.10824543773095732
1346,0.27867349460962176,0.10357688024322352
1347,0.2808811565731657,0.12831788037719274
1348,0.2803588536201663,0.11291831229373359
1349,0.277157433176932,0.10911558045919471
1350,0.26522879282536876,0.11868411395785569
1351,0.2907897888864091,0.12187042541531187
1352,0.28796422271167643,0.09936153364580498
1353,0.30324704081154363,0.10476876051073655
1354,0.2914928649439625,0.0997729978555546
1355,0.30362062499809866,0.1117454138813886
1356,0.2734291110506396,0.11613509568789372
1357,0.29106143805544915,0.08304963974649543
1358,0.2640723005060798,0.10593466623006861
1359,0.2988615964105548,0.10523861618102139
1360,0.30375833594127105,0.10013718385095685
1361,0.31503604430730886,0.1072038043756874
1362,0.30068531908321083,0.0940929057630828
1363,0.3053620556161528,0.09774220213923585
1364,0.3050461700870911,0.09450501311854026
1365,0.3152695317592032,0.12082140153063085
1366,0.2812571456684413,0.12676510961698592
1367,0.30205760492392086,0.11643041671417853
1368,0.292163622724548,0.10565122019358536
1369,0.284687772711517,0.11161488505057761
1370,0.27559201641640907,0.09941468857569975
1371,0.28080805424396643,0.11967189258203503
1372,0.2656991832192547,0.1123020938658439
1373,0.27182084874134205,0.10342612917789551
1374,0.30287159056771495,0.09838625361816092
1375,0.3156214583814627,0.09306571194533679
1376,0.3117745963480196,0.07683799600366926
1377,0.28307960823554257,0.06722976056321642
1378,0.27476247315395025,0.0823400549527454
1379,0.299951077520159,0.08010831775966751
1380,0.26911323387876734,0.08900103466538672
1381,0.2883969667926692,0.08251864340957699
1382,0.2850571382705877,0.09514077451676964
1383,0.29514845742887386,0.09538729379791268
1384,0.2866273380106773,0.10060357438753666
1385,0.2669303935850761,0.08951081406634208
1386,0.27272698463516576,0.07335520178746456
1387,0.28582559124162343,0.09620279712084377
1388,0.27164171139388193,0.08202606884784291
1389,0.2807599313048138,0.06279601182577392
1390,0.278969944808891,0.10013852285571562
1391,0.28817288093973065,0.09166714651876953
1392,0.31326742808902697,0.08526711870090307
1393,0.3067371215374033,0.09471350321599409
1394,0.3023179160308032,0.08211033500944204
1395,0.31703174439285803,0.0932272173224207
1396,0.2860804390489841,0.0912979360854898
1397,0.29311975038144966,0.09207869911081636
1398,0.30125737083031273,0.08582010991660591
1399,0.29823090104451055,0.10004051025140169
1400,0.28650568998556636,0.091173792484502
1401,0.30871547487543977,0.07898199446669868
1402,0.3256506688795468,0.09009830632119242
1403,0.3069308535522163,0.08227584563327275
1404,0.30003391380344485,0.09662405041462235
1405,0.3093407005248929,0.08834960181903154
1406,0.307895778405659,0.08580590413154217
1407,0.3196335143075796,0.09597488714103311
1408,0.3243277294203155,0.09116809356002724
1409,0.31699607380837574,0.0976825472132921
1410,0.33927627649396697,0.10853131480207392
1411,0.30640059826688104,0.0894585242181467
1412,0.3020881296536462,0.1088802276737078
1413,0.3037356337144056,0.10123648066064633
1414,0.3023957765722587,0.09864525645786441
1415,0.318545676726784,0.11708546015215274
1416,0.33343070371878203,0.09707147520409724
1417,0.3281552443931489,0.09067058597087682
1418,0.3019781233747961,0.11263404049300928
1419,0.3440013839506828,0.11976713410950289
1420,0.356060299815051,0.13491270028037694
1421,0.3367281500408053,0.12937453843648003
1422,0.3498083027494258,0.11566198482745912
1423,0.3572271535410966,0.12016023050676981
1424,0.3437304740940491,0.12621034789761407
1425,0.32794316292621994,0.12628676519702187
1426,0.3399864762608046,0.11621279575703558
1427,0.3301258592124503,0.10334879525056544
1428,0.33822427284030065,0.12230590892539756
1429,0.3460447329168111,0.10123757994430717
1430,0.33304327432695924,0.10089990221715264
1431,0.3210758257899169,0.11977123169288346
1432,0.3271067831344984,0.09322490565113804
1433,0.32180231037763996,0.10509263372138278
1434,0.3265780929926471,0.10084356985502042
1435,0.32700970528414663,0.1132527193390058
1436,0.3295544899741599,0.10508088031360231
1437,0.3179565330067577,0.10508571800418093
1438,0.33276952944519217,0.08477846774972142
1439,0.329661885791474,0.0927336705178836
1440,0.3212780541752246,0.08007561243111787
1441,0.29972179359024553,0.10500281714017483
1442,0.27861668395623046,0.08091610187029137
1443,0.29283030106297503,0.08517518088446285
1444,0.31503541661618484,0.09566095463779337
1445,0.3311175207124592,0.08285743016950213
1446,0.3298021439783139,0.09794674163500151
1447,0.32249060382561023,0.10036510897663123
1448,0.31797509045906763,0.10298550404640669
1449,0.33562382775091204,0.09019320099983572
1450,0.32976597568269916,0.07778364718041389
1451,0.31964467263981583,0.061306104969016284
1452,0.30855236808190234,0.07826859283167129
1453,0.2987835974593589,0.07577244331700099
1454,0.32336021351410404,0.0822853411688191
1455,0.3198525577680436,0.08968781101440756
1456,0.3130505685653034,0.08283260517931114
1457,0.30785492903231915,0.07351075546581969
1458,0.3038609295537466,0.06919406421595518
1459,0.29084810030828756,0.0851970449623555
1460,0.304514262266215,0.06706234454453243
1461,0.2994634424601903,0.06469223189594152
1462,0.2882397771254013,0.06574243958875946
1463,0.3109351336287808,0.08948733546170326
1464,0.3046507370538368,0.0704886481072835
1465,0.30693370258980274,0.08490633014272855
1466,0.3197984238951079,0.07450829823534741
1467,0.2964561914980752,0.09175341307758281
1468,0.2980979553458337,0.08143097385443733
1469,0.3205271815614248,0.09365039772032852
1470,0.3113545472476206,0.07548209513985708
1471,0.32759458674693687,0.09492566865637365
1472,0.2875094018114534,0.1057864975575247
1473,0.30363970516807404,0.10039643123701325
1474,0.3271566507450774,0.08277988777346794
1475,0.31950507148859003,0.09410993983929335
1476,0.3191795622615844,0.09836049307540932
1477,0.3427634344345476,0.10251647654483269
1478,0.3319747972252486,0.09578229490273392
1479,0.35903043451059125,0.10218921433718685
1480,0.34726284526889806,0.08649919949025238
1481,0.3383137257280811,0.0777034557518042
1482,0.326629121822999,0.08947609743422644
1483,0.3325802904309111,0.08972867084350737
1484,0.32918636649066274,0.09616897316593793
1485,0.3294498194449369,0.0905607915335943
1486,0.35081580477563146,0.08197900278212494
1487,0.34310229159989336,0.06922462329888233
1488,0.3488625450594212,0.06323376991381857
1489,0.3697304889865695,0.06894353677078703
1490,0.35780504492560994,0.0721983822714241
1491,0.36583726766518476,0.07497665029970461
1492,0.36393710084154585,0.06641964293101207
1493,0.34990051535753647,0.07142863073177128
1494,0.33700470247873937,0.07499342380124586
1495,0.32261366134759084,0.07674816424185195
1496,0.3374261364451006,0.11450317903263567
1497,0.3547477232560354,0.0859280741550728
1498,0.33878055682605446,0.08679817958279071
1499,0.34059919217077483,0.08413296532533258
1500,0.3491788099358618,0.08727696579414752
1501,0.3348396076894432,0.08669563731472278
1502,0.33997151351965876,0.08602785982244511
1503,0.3252183397761164,0.06571830225243754
1504,0.3223109376183939,0.06580472951305183
1505,0.3450838975305547,0.08199077239537071
1506,0.3145556150603782,0.05574644352740257
1507,0.3046615563904681,0.0639668901713563
1508,0.3261204938476902,0.05861195773340492
1509,0.32838761271643035,0.07018760005383566
1510,0.3400755530094669,0.07898251884375682
1511,0.3309835722154359,0.09888827027152751
1512,0.33366946946363774,0.08423163167877393
1513,0.31093226930217355,0.06026191188449983
1514,0.3401409536039924,0.07409622832514562
1515,0.3431641165888558,0.07105967827560597
1516,0.3479942347770695,0.06354410079406544
1517,0.31928781458464145,0.0679881405717898
1518,0.3260033989729805,0.05191744923029777
1519,0.3372524130357609,0.074160527320196
1520,0.3474920306931272,0.07166622379609887
1521,0.3387017534843171,0.07915181728650747
1522,0.34117567857403097,0.07120413636866776
1523,0.3485793540111394,0.06257914329866399
1524,0.33116665042320304,0.04723274405590757
1525,0.31855863092760456,0.06634874310735733
1526,0.3337164999481888,0.07309406202357781
1527,0.32558323822437896,0.05821819578553618
1528,0.3067925284217769,0.046746361970978645
1529,0.3224680610989769,0.06804043851970912
1530,0.3190722660749451,0.06436135439527323
1531,0.33187118531540716,0.06227600089154822
1532,0.3416697896813642,0.06396451103734142
1533,0.3391758199764703,0.05946834138082632
1534,0.3424992930814676,0.0775130553372474
1535,0.3465197716627256,0.08707797772321882
1536,0.3536595642013765,0.09144764926878104
1537,0.3504585887347561,0.09856954656001526
1538,0.3601172964136718,0.09297894570636576
1539,0.3349959634284564,0.08797731537498663
1540,0.34589338925628005,0.07904041142214294
1541,0.3740855216831408,0.07236467326450698
1542,0.35416583720166916,0.09122152932102616
1543,0.3522657741893155,0.07571279526794944
1544,0.35633748877379123,0.0889097709769237
1545,0.3816699542909673,0.07091241119158781
1546,0.38107001795874534,0.09425369777906033
1547,0.4020665115097287,0.09855818855946194
1548,0.396719599316803,0.08380370531094511
1549,0.36450631651506527,0.08620094753716596
1550,0.37541922112636184,0.07166305418611
1551,0.3755852312193241,0.07854656700146062
1552,0.38295403213015755,0.06299497464710258
1553,0.3609438763363641,0.07518696688054209
1554,0.3534496102096748,0.05745389270785597
1555,0.356551550884121,0.051516103029047765
1556,0.3834637275719352,0.07613906572527179
1557,0.37401726874258,0.08375092716921134
1558,0.3765446987091291,0.07495455698533945
1559,0.3580816320783213,0.08485885054616435
1560,0.35090999089681973,0.07902070362283646
1561,0.33535049922735916,0.08380653515977766
1562,0.3347756751782467,0.04858487469202356
1563,0.3318129451870231,0.08203898854128759
1564,0.34769216688600557,0.06893925514244505
1565,0.3744709583865379,0.09105572078470715
1566,0.3638921895181737,0.09782180411320987
1567,0.3806321453788924,0.07495825738062413
1568,0.3727883434993696,0.11401393189413508
1569,0.3654238569910625,0.11467192193530037
1570,0.355164685345967,0.08077967637005046
1571,0.3827149941665945,0.06834758093783469
1572,0.36986696859609475,0.07422599982484566
1573,0.3733945290039086,0.08490316530105914
1574,0.3757982430605596,0.07001411325607021
1575,0.3593202385633335,0.09617215626891226
1576,0.3582751352008941,0.08245895541808373
1577,0.35780017012891874,0.09737802479096748
1578,0.37671991477699474,0.08265471814124054
1579,0.3699060781122937,0.08077758089001731
1580,0.35266652736745124,0.07521020974120436
1581,0.38384924867616643,0.08554267512147111
1582,0.3678683781722494,0.0726067522638394
1583,0.346856203388925,0.09177419173699175
1584,0.33677406011532685,0.10964136381194259
1585,0.33999821083265985,0.09242173088635341
1586,0.3304524497337359,0.08141936314121254
1587,0.34804489453813553,0.08568670487404652
1588,0.3285374057927689,0.09672108527808175
1589,0.33156297645914984,0.10162332125642361
1590,0.3384914727399102,0.08528634350790099
1591,0.3147151739963542,0.06500881514658394
1592,0.3327107529814003,0.07453636961126173
1593,0.33182359201215295,0.07655599175562408
1594,0.32478819160035344,0.07420371152709322
1595,0.33677242252192735,0.054018724978123434
1596,0.3326147989395315,0.0742622975780528
1597,0.3548919942469559,0.06345829285691697
1598,0.34710092834313777,0.06227052201971582
1599,0.3468199870428673,0.07853433867480283
1600,0.35187657368452896,0.08264325624109019
1601,0.3403185700390571,0.10140670524801955
1602,0.34355633718507483,0.0961264737583192
1603,0.3383168323113448,0.09459210282616223
1604,0.3425991387181274,0.07444358873730411
1605,0.34373154211456136,0.07145090259374083
1606,0.33559381414340583,0.07731891552311367
1607,0.3413209623447614,0.10008775254617898
1608,0.3625074574656263,0.08617662315017659
1609,0.3346714649930455,0.08381018721433553
1610,0.35743698274958335,0.0735147289211351
1611,0.32172152002856824,0.08222002374503565
1612,0.3203382442332694,0.07845207242761221
1613,0.31534140350764106,0.07263832752095503
1614,0.3047472480758828,0.07669922002975917
1615,0.3095019045022932,0.07752112200348169
1616,0.3002121795004041,0.08233929395281626
1617,0.3052658389050996,0.08248376933577942
1618,0.3167249651503023,0.07135741602113306
1619,0.3193862917359556,0.09377803256118443
1620,0.3180998008274278,0.09436217047721702
1621,0.3338896340946118,0.09143139618455322
1622,0.33457727535218595,0.10572557280285057
1623,0.33511363804810806,0.0970608922960472
1624,0.3282779920843773,0.10326554306493109
1625,0.35778362111534745,0.09830204985815308
1626,0.3704918731649665,0.0655181127686649
1627,0.3886155217234083,0.07779692314615266
1628,0.35108464720802235,0.07215139809891079
1629,0.3587130402061972,0.05798445006834906
1630,0.3728282164503643,0.06575919732642134
1631,0.3509727449512526,0.04886392465278533
1632,0.3544012698071778,0.07839829432849034
1633,0.32036286783061196,0.07864552390438073
1634,0.32943209894615333,0.06843619605070626
1635,0.32709561100592605,0.076865439994434
1636,0.34580634364170837,0.0858326628005148
1637,0.34089757494723194,0.09225656990005361
1638,0.3259351472234345,0.09498149093050208
1639,0.3575900815223712,0.08089183139709272
1640,0.3526806249638515,0.06903417407759696
1641,0.34281199303378596,0.06574547491861633
1642,0.338833917844807,0.06611874043750914
1643,0.37667554511868523,0.08641868996456371
1644,0.33822759663898844,0.08818080613089906
1645,0.36530616710655794,0.07975419427203521
1646,0.3398606270031981,0.09501089938753625
1647,0.3565346343310849,0.07605882442769003
1648,0.3502700085495422,0.06978727172410354
1649,0.34463326637460867,0.06616822169931055
1650,0.3460587770295827,0.09272527875615205
1651,0.3526174485062117,0.07743251609744864
1652,0.35736426434274876,0.09543278506898369
1653,0.3534861796328964,0.09614472819079008
1654,0.35793805882138596,0.07106264689862904
1655,0.3608409350755387,0.06881021061034456
1656,0.3562791700284748,0.06249373366462196
1657,0.3631302380330693,0.09469082197791884
1658,0.3627399995827984,0.08609010879842405
1659,0.3536827899079873,0.062498636835178034
1660,0.3351777948734799,0.08608073431738672
1661,0.34475593647369707,0.07950268132093928
1662,0.34907248209792036,0.08235376217718779
1663,0.35037909674334883,0.08169410515067406
1664,0.3419116771388639,0.08826126455059699
1665,0.35653047356059153,0.07031425085158026
1666,0.3541187979497663,0.09614540530153076
1667,0.38647323085359486,0.09391479540290647
1668,0.37834267051213927,0.1065932203036451
1669,0.3543959285700996,0.10614481343856358
1670,0.3294368375313006,0.09785059027056153
1671,0.3269229387486274,0.08704469538003709
1672,0.321848490814246,0.10119977951564044
1673,0.3250018965966617,0.07332361547692964
1674,0.3283909080896042,0.07966493324331367
1675,0.3415359181497803,0.0835155592276788
1676,0.3159162599528848,0.08645103951898307
1677,0.33357614243107553,0.09258358556325479
1678,0.33056762304823917,0.08063902323741799
1679,0.3152433477470764,0.08762198477462084
1680,0.32908964875477165,0.08463680962453735
1681,0.35304838488683943,0.07891875656952732
1682,0.3620459567950278,0.07260558239537712
1683,0.35769455922485704,0.07769762360379838
1684,0.3461780983936065,0.07487118415226364
1685,0.3632265218808789,0.07641666574912298
1686,0.33790824175686773,0.07272362665080799
1687,0.33557804883518183,0.092770541866941
1688,0.3350149824966294,0.09767386515334214
1689,0.3463215744778985,0.08018630133043386
1690,0.35396026236097405,0.1047376755222778
1691,0.3403745894813108,0.0999063343029325
1692,0.3238908006051953,0.10359972543550339
1693,0.3327958527818829,0.08676198316392167
1694,0.33497685404528804,0.0883272730803619
1695,0.32520475322200487,0.09466108107994262
1696,0.3457752382834741,0.07521308310522759
1697,0.3496076275792521,0.10045814722343768
1698,0.34868379214464734,0.09501526458463046
1699,0.35495690697068527,0.09044327088075371
1700,0.36364298458336786,0.06629655844826028
1701,0.36621944223021397,0.09328378189330555
1702,0.3690336243053826,0.09676030359873176
1703,0.35830918450318777,0.11364210078551427
1704,0.3468860963679991,0.10320228751714008
1705,0.35741399111458616,0.08625854046410393
1706,0.3709205826943448,0.09410172428638013
1707,0.36841380229163595,0.09127475353941332
1708,0.38491129199090973,0.09838152147947724
1709,0.3698478096477804,0.12775759902088715
1710,0.36816660542061885,0.12520442288324438
1711,0.365681515206827,0.12074283443034844
1712,0.34697042349923557,0.10953103002058318
1713,0.34304352395832777,0.1124054659474372
1714,0.33979158535289794,0.11674998260589994
1715,0.33502555936784917,0.11954666003816228
1716,0.3619975701420076,0.09747114618540845
1717,0.38043532827447596,0.08998520384701675
1718,0.3519605656602771,0.0984332006528773
1719,0.3523759181776655,0.09547730989993025
1720,0.3429710226260938,0.11212881862888713
1721,0.35673508054558795,0.11323643223462969
1722,0.3556467410983778,0.10022599805666173
1723,0.358057246419727,0.11702066603897517
1724,0.3538482396998786,0.09967948551932135
1725,0.3562917247519993,0.10899980281566023
1726,0.3633484824695578,0.08787090378781588
1727,0.3783895277097327,0.07206775838696854
1728,0.3774771615869956,0.09083733272067043
1729,0.3865074892777677,0.07397087638522912
1730,0.36518508701323266,0.11311285486265216
1731,0.3594607349753849,0.11470440640709799
1732,0.3767911529121422,0.11294412356274355
1733,0.37170340268540836,0.1306869652602936
1734,0.3729687157081547,0.10595959403080304
1735,0.38140477460362787,0.11782084782669477
1736,0.379768176916769,0.12181876853598794
1737,0.37473194933928683,0.10324378990803802
1738,0.3913045266930057,0.0995488356587046
1739,0.38899479541688997,0.10633566025523387
1740,0.3773596510085976,0.11994749162924892
1741,0.38477526527931777,0.09553003989942638
1742,0.39006371589855526,0.10838132741313822
1743,0.3690494361082321,0.10929726988241215
1744,0.37660114122720656,0.08576035736332226
1745,0.3954056319554746,0.08441556645345845
1746,0.3686367115111331,0.10376333298839878
1747,0.392621467738755,0.09586066004316038
1748,0.3910299549540118,0.10563276270864286
1749,0.40440977228877006,0.10282509116902591
1750,0.3943315946188405,0.10562293978401842
1751,0.38948481937813173,0.09416269441352486
1752,0.38711172698135615,0.10498887302807018
1753,0.37506432700912423,0.07669750060357754
1754,0.37581498285783316,0.07352652339938033
1755,0.3662575695162806,0.09027630190727219
1756,0.35829335016306296,0.1055473535768553
1757,0.378648631217666,0.08778240400337528
1758,0.35110724792537257,0.08407460231436416
1759,0.37333916713399884,0.098696927534118
1760,0.3805361862843664,0.0846166175296478
1761,0.36331314953902105,0.08605425219039868
1762,0.3733921660008034,0.09266733356391331
1763,0.35917950885520017,0.07520412508737948
1764,0.34516903142934774,0.08781108549799707
1765,0.3446002828710256,0.08604941403159315
1766,0.35518088019317584,0.09719324242204358
1767,0.3499328469006171,0.09515684620809624
1768,0.3574668978727991,0.05069351757962669
1769,0.352995362172359,0.08629641930276727
1770,0.35444162729350437,0.08830362484422885
1771,0.34878826522652806,0.07834834653096874
1772,0.3474899050142158,0.07703530484410112
1773,0.3494183382905952,0.09733181967645554
1774,0.35686046453881887,0.11235378550262824
1775,0.3555837512992617,0.08442145715506852
1776,0.35069594881234556,0.08886637902984468
1777,0.3286640581073871,0.09276643361718054
1778,0.34710252880721026,0.10211604289786108
1779,0.3638476159573519,0.0994034127915052
1780,0.36167897421321993,0.11013800609521061
1781,0.3791102678305075,0.09774908382758463
1782,0.38453411721766056,0.10479455476593985
1783,0.38002305993705077,0.09392966600229607
1784,0.39841662316496285,0.10674793731104222
1785,0.37364042253390073,0.09503938931632756
1786,0.36654832358058237,0.07912833666093298
1787,0.36837330196169804,0.07233479116370144
1788,0.37053682981548486,0.06914970702381507
1789,0.37537236667038626,0.07162223851668921
1790,0.3607599307376763,0.06527872730957644
1791,0.34721416108873115,0.047783209468741206
1792,0.3751531309929665,0.056442399887701195
1793,0.3597190494777892,0.07243197632990782
1794,0.33502732343645275,0.08947859538985727
1795,0.34145019328195814,0.1123408191639506
1796,0.34158354867518476,0.09280828566627594
1797,0.3446700889525105,0.08747475723205814
1798,0.3507050252049024,0.09161360306122521
1799,0.34581969098565646,0.07939255979467343
1800,0.3554685790926782,0.0816679701570941
1801,0.3844417462789394,0.07787619836760694
1802,0.3764118425060373,0.0995697840145133
1803,0.39435221856336494,0.10128186709770279
1804,0.3673054966010502,0.09047847195421818
1805,0.3576195045173963,0.1090154447630574
1806,0.3561188150536508,0.10203870648346487
1807,0.34290990531770704,0.11253538450704519
1808,0.370663335615012,0.11594430306620906
1809,0.3745832380243226,0.11560008307009628
1810,0.3799015057587208,0.11804895811604482
1811,0.3571088346077643,0.11606723443435622
1812,0.35502739320160004,0.11722301794626672
1813,0.3675961002246858,0.09874726298131398
1814,0.3659928928027393,0.09857443001080941
1815,0.368521465608899,0.09990314488846735
1816,0.36765046932725465,0.07578038353875863
1817,0.37853654025813566,0.08996412514586204
1818,0.34887633617924785,0.0722529939324087
1819,0.3379059231270678,0.08731827756914318
1820,0.35703341559485463,0.08686262940337633
1821,0.37069480272907396,0.09679600131650869
1822,0.3534574294202573,0.07544851975098633
1823,0.35534210419305146,0.07855779892789909
1824,0.3716270254285189,0.07579966563556927
1825,0.3616053252309218,0.08716921910797754
1826,0.3817304076183289,0.07316655340866433
1827,0.368664794376474,0.08156802470128649
1828,0.38045057151631134,0.06023447262895548
1829,0.37948360527042774,0.036499832237852255
1830,0.3815213098074671,0.05292119916520751
1831,0.36920174618684576,0.04545664082243787
1832,0.3736003441152863,0.05187301206044418
1833,0.3609107959839374,0.07192474436757156
1834,0.3471520820795718,0.07042258107857699
1835,0.36545034584239144,0.06441537198075631
1836,0.3820628139056638,0.06299031914852325
1837,0.3800517293705409,0.07213906161238011
1838,0.37252398224253563,0.07800384281566683
1839,0.37502501123689197,0.06809599217378255
1840,0.3528697198772173,0.07811871826511813
1841,0.3520581129721255,0.08970488843933105
1842,0.3496260436670411,0.08799985635260531
1843,0.35243393203175444,0.08449577676375508
1844,0.3423140016662134,0.08050476180983465
1845,0.3354806085117115,0.08422222705163455
1846,0.3601711151996633,0.07380976711644197
1847,0.36383853195005966,0.08069248335029347
1848,0.35198459849751196,0.08243538087798093
1849,0.3649265416646178,0.1019999409532385
1850,0.3651379000750958,0.07721197170226109
1851,0.3521293210542546,0.06159293126949776
1852,0.3669682963711467,0.08407876751192508
1853,0.36861191899277734,0.07922119596690697
1854,0.36371504173255137,0.10603692854241968
1855,0.3567591634949554,0.10160578749487295
1856,0.36197147654204986,0.08756641462672844
1857,0.37171691594014467,0.10948667318061718
1858,0.35908170355753877,0.06828335035655167
1859,0.35683674684727956,0.09525220610546212
1860,0.3437630553939036,0.11907635526478913
1861,0.3545987579825919,0.09816410106092799
1862,0.34736918199519967,0.08421776529817251
1863,0.3560693888321823,0.10249233019107658
1864,0.3469363599383686,0.08794377531653182
1865,0.35983839633961934,0.09374450254899425
1866,0.35795307216519423,0.08182639524771851
1867,0.3387728256137418,0.07470418860077223
1868,0.3343911230637067,0.08080715100229896
1869,0.3392217324976746,0.07247283481876908
1870,0.35255013417978487,0.06879513131331716
1871,0.3669058892410432,0.09177257551038025
1872,0.35332661352979366,0.10614800456918674
1873,0.33640034500936516,0.11853006785274052
1874,0.32313437237049664,0.12137703086482177
1875,0.3248762749117019,0.1162256990238895
1876,0.3250093073151888,0.12660735323839786
1877,0.33659600912507576,0.11313499063214551
1878,0.32770020913053366,0.11236543827665037
1879,0.3498707064066847,0.1210592834451624
1880,0.3532052520420852,0.11150227153580028
1881,0.3521004526999981,0.10589033831140916
1882,0.34599839435738666,0.09073438841480713
1883,0.3359767276667987,0.08094762306677858
1884,0.3414528847653962,0.0813078602031233
1885,0.35032713572138374,0.08824566402324276
1886,0.34995725320907833,0.07768109122958805
1887,0.3525638587785741,0.08577150310868215
1888,0.3655689011441783,0.07622964961997146
1889,0.349722086752653,0.08498414470776117
1890,0.3678329641383065,0.08166756943381359
1891,0.38233828607245574,0.07555616726554369
1892,0.38650805877024397,0.09457548151585682
1893,0.36028635373267226,0.10103751620492273
1894,0.3360343196377682,0.08037694139479203
1895,0.351770606778531,0.10023908285079176
1896,0.36990630579131467,0.08284569901635358
1897,0.3464301223517543,0.09508510561154061
1898,0.3784730073093799,0.08507323367027891
1899,0.3782268054324768,0.10402093737367438
1900,0.3602778560654024,0.09768348371120399
1901,0.3655070609113381,0.09083573773532214
1902,0.36808628652422504,0.08524738165187354
1903,0.34386554551452925,0.08228636354907339
1904,0.35661050590066734,0.08455562717010616
1905,0.3243439424144306,0.10614451294122265
1906,0.33147164499243564,0.0843733261335228
1907,0.36078252671921685,0.0791210127820607
1908,0.36808705726928725,0.07671338098119687
1909,0.3605236039688028,0.10628194716259194
1910,0.3757300007033231,0.08525888070843482
1911,0.39552390176730945,0.08813347955891282
1912,0.36774085190383066,0.09840493889321231
1913,0.36730059957723343,0.09920835641004488
1914,0.39203544781647354,0.08694766225354142
1915,0.4055178537482519,0.09433750973247328
1916,0.36976176197818095,0.09354406057336982
1917,0.3889032624722325,0.10451889095731988
1918,0.3923064695796704,0.06947833465172769
1919,0.3672995045066757,0.07345266429755835
1920,0.3719458452593599,0.08795089652113114
1921,0.3796623689189366,0.09557720435547769
1922,0.39517087330536255,0.09821727241297333
1923,0.38752042318458546,0.08290193070207462
1924,0.3794680280331856,0.07244795474875593
1925,0.35362050002009304,0.07191684369813921
1926,0.3647439233657396,0.09005665357233532
1927,0.35943791573088313,0.086428606585699
1928,0.35870017977788177,0.07768240327951526
1929,0.36918137012072655,0.10731703537377521
1930,0.33850156124902575,0.10618492717073068
1931,0.343655118877454,0.0998594795466406
1932,0.3503934163022811,0.10189908194465586
1933,0.36539233076716154,0.08131202332804821
1934,0.3566394723424309,0.08698098404558686
1935,0.36050653499749497,0.08226428596900663
1936,0.3605747288460507,0.07696177579597575
1937,0.3474075958528594,0.0882902252020523
1938,0.36953193898279757,0.08561210075593052
1939,0.35939833097903884,0.08149893611849592
1940,0.36156273828523205,0.09985480501032745
1941,0.3731784108819981,0.0732750707935366
1942,0.3920990175498681,0.09949083801629051
1943,0.36888551837460526,0.10043965189012302
1944,0.39241274136349935,0.09062161080566299
1945,0.4083850184771891,0.08754858252113125
1946,0.40948992662116773,0.08957213362295308
1947,0.39037754441780936,0.09494250475603591
1948,0.3929961463493231,0.10487920774505223
1949,0.39277495968034415,0.08976518763465031
1950,0.37947657665865886,0.0922564998011552
1951,0.3844558420719166,0.0848405684742694
1952,0.3877832004252033,0.06662943855846928
1953,0.3676583210377655,0.0724295723488495
1954,0.3673322223987823,0.06303669347251696
1955,0.36727467661073326,0.06073836101172549
1956,0.3767131232841814,0.08270187765172782
1957,0.3753969380909039,0.07530434799326202
1958,0.3763420572968369,0.08557223300757312
1959,0.385034788998048,0.07350622860133106
1960,0.3755879657334325,0.06550616771162424
1961,0.3794151043370107,0.07338945873764716
1962,0.38127850227354215,0.08739796415175538
1963,0.37021646840425476,0.07078425422327453
1964,0.36990350528155447,0.05576668594610089
1965,0.357471309853392,0.056507293291875066
1966,0.3773549236070499,0.04933037271188194
1967,0.38360892738742547,0.046653514625478204
1968,0.38599496214419904,0.05681255227236465
1969,0.3624995797643838,0.07435166191190277
1970,0.34841959936261313,0.0599444512494631
1971,0.3626858797536461,0.05351555255048125
1972,0.36512931482526234,0.05494184815256883
1973,0.35483031142088245,0.08232469183347431
1974,0.3851831547982759,0.08256167189808346
1975,0.3687451184514677,0.09356901510542476
1976,0.3513696057347283,0.06837775418764812
1977,0.36847099072017325,0.06557578259793853
1978,0.3662796640080142,0.0699093730147367
1979,0.35195272356767693,0.07205489912638097
1980,0.35754429312647973,0.07717928227842191
1981,0.3664312813297913,0.08391203107599922
1982,0.359940810571283,0.06427684456536506
1983,0.3678283999587616,0.05954936197751566
1984,0.38510784241126245,0.06166233008881099
1985,0.38291030070296384,0.06787056973853142
1986,0.37139416344628706,0.06686553350783064
1987,0.3608327734806907,0.0670995115197295
1988,0.35964034533347944,0.10832693223692079
1989,0.3851616317819011,0.09417692439078619
1990,0.39365659849027984,0.10471708222150057
1991,0.39260864554441965,0.0933428346331126
1992,0.3789949103495802,0.1005289938296171
1993,0.38163869503371994,0.10699371848908562
1994,0.37200109061977715,0.08997678520780891
1995,0.3945648527804977,0.10852760644110061
1996,0.3833037356763108,0.11510436481076779
1997,0.3876928595179602,0.11550779455402109
1998,0.395070262886779,0.10958916392580839
1999,0.40718576506698206,0.10362444386832496
