,phi
0,-0.0341308096943984
1,-0.02305505080457954
2,-0.013135262244608037
3,0.0003730457362577433
4,0.02487696093918486
5,0.021429040069317437
6,0.010257510669186882
7,-0.002661423000029723
8,-0.004042591591085816
9,0.02468472034041402
10,0.02645933718555686
11,0.02000559407340079
12,0.0219047633484375
13,0.011757117261255544
14,0.024547189504742103
15,0.0012902462785150635
16,0.021025668813391008
17,0.054294428439232156
18,0.08224170566685228
19,0.05589773192134807
20,0.06588559030411334
21,0.08935747855406222
22,0.08780210341706055
23,0.08305117696800103
24,0.08299449520563122
25,0.05497336613458607
26,0.060181489353273346
27,0.07807591188429708
28,0.056112344536819486
29,0.02379510968292449
30,0.019122274549831935
31,0.024647675287640183
32,0.029013759162868524
33,0.044556060915377484
34,0.03504371144824188
35,0.025857924481002888
36,0.03813560787390951
37,0.03913325121271862
38,0.04654290196115703
39,0.062223387054421576
40,0.027274771557581973
41,0.052814052280009155
42,0.04287781783996339
43,0.07362526088793095
44,0.06708142282855012
45,0.07196883364286419
46,0.08281525835967267
47,0.10411241596456405
48,0.07793959987887596
49,0.09638350555892017
50,0.1059976878227782
51,0.08484049364465328
52,0.09708755492328533
53,0.07406719150088217
54,0.10946183731242574
55,0.14343168721742428
56,0.12036708090869846
57,0.1325551125653807
58,0.1145213863546839
59,0.08916161115677927
60,0.08307422394001579
61,0.06747735798880508
62,0.06057347254877569
63,0.09623325702982341
64,0.08036444057468253
65,0.08123024457332831
66,0.07196393369902768
67,0.06294171911053126
68,0.07485160110288731
69,0.0730242667715438
70,0.07122218532840294
71,0.08677428414801278
72,0.10061898992606441
73,0.0967314631283942
74,0.09526225559669806
75,0.12158170500018654
76,0.08887118666698587
77,0.07057514434104993
78,0.08087431633351141
79,0.0706227895235806
80,0.08442488484055238
81,0.03801403770365469
82,0.060567698494355386
83,0.05601351717416764
84,0.061568579735749966
85,0.029966859796148982
86,0.06586277724901535
87,0.0551069058986524
88,0.04622212994360833
89,0.015396454589177636
90,0.06654132097903563
91,0.05947947499366437
92,0.07113322085890933
93,0.07676946924724978
94,0.0589097922021907
95,0.06296153035256365
96,0.056655408368345685
97,0.043202629221888285
98,0.05140177491161933
99,0.0331362337965102
100,0.0682485617859243
101,0.05754582833948931
102,0.050113128179622254
103,0.022911396308369553
104,0.046154914906666865
105,0.04522435937412162
106,0.0654810371521862
107,0.0821101367585815
108,0.04802521753060667
109,0.08292031529916179
110,0.065450209364833
111,0.09934606331041132
112,0.11541509454132318
113,0.11078740030376945
114,0.06195870909108891
115,0.07842053046797512
116,0.08033107808389639
117,0.06389066065757865
118,0.022210027097487043
119,0.07106000051873963
120,0.03534865220365391
121,0.024626627834533468
122,0.06371400848492076
123,0.08630482078593947
124,0.08445081051146608
125,0.06602854830193579
126,0.07239209725133279
127,0.07995092013751538
128,0.07979208319463907
129,0.042837151058084263
130,0.054247875847286575
131,0.07542010539067011
132,0.05042116840088499
133,0.05022183932291339
134,0.08183009673911618
135,0.10669489348787421
136,0.07800004169273832
137,0.06449151717577935
138,0.04583406780091135
139,0.053044279583408245
140,0.07338863016134314
141,0.061573945112122073
142,0.07551506853123567
143,0.07634705440233072
144,0.06922302562393909
145,0.07602823795612543
146,0.08918396434425437
147,0.06787342434378513
148,0.07912816866747469
149,0.07645212510163864
150,0.06266172056110099
151,0.0546499495637504
152,0.06491930921298127
153,0.0727601529607752
154,0.06907724915024663
155,0.0763848200350806
156,0.057871005557257056
157,0.04962881286571779
158,0.04292851625382942
159,0.047982559272261804
160,0.05690617019997778
161,0.0408546704264106
162,0.04952995146561981
163,0.027023872127763558
164,0.037144371198135406
165,0.05171694942732362
166,0.09291919602085597
167,0.08938408222955739
168,0.07503325799982878
169,0.07042268170085976
170,0.06837135151063073
171,0.1273130150204259
172,0.10558868700958499
173,0.06942878861777205
174,0.04417865638112567
175,0.06683761042953035
176,0.055503701142861794
177,0.06885295023230854
178,0.07421552958779139
179,0.059175758519068394
180,0.05595737101559693
181,0.07769169212330936
182,0.10684839223097306
183,0.1156967143480547
184,0.07998906887258406
185,0.09385604848092975
186,0.1171160151700202
187,0.1324721997098624
188,0.12319931796948308
189,0.09459403173065495
190,0.11357773376174729
191,0.0960591704725456
192,0.0995884700353273
193,0.11322805907363184
194,0.07456114097478256
195,0.08198656470623651
196,0.07597835933776975
197,0.09284835914046169
198,0.11044425348706381
199,0.10613093439979478
200,0.12523117896923777
201,0.1243473883719887
202,0.10507629415684162
203,0.09866588883224549
204,0.11059762381789394
205,0.15102744530652654
206,0.13220379840059196
207,0.12969916844244497
208,0.131651848546799
209,0.12879595401257254
210,0.1241519344934659
211,0.11886422456001787
212,0.11085525324742754
213,0.1086862688322265
214,0.12303851966165566
215,0.14452891798687256
216,0.161946272816829
217,0.14943014400214014
218,0.14828412419376966
219,0.1488969408530534
220,0.19068058552297917
221,0.17841163149623251
222,0.1631671925515075
223,0.14412822372081394
224,0.1468011011943092
225,0.1397032681756813
226,0.14408707831831816
227,0.12484353518601259
228,0.11385127594508568
229,0.12250953101923502
230,0.15181807724335922
231,0.17651309242851235
232,0.17821103884001271
233,0.18077561563970956
234,0.18562895272164262
235,0.1782926179079035
236,0.17489072515600812
237,0.19017935512299639
238,0.1816099153710544
239,0.17075369084280473
240,0.17750739559993448
241,0.1381803529463487
242,0.12634527382576896
243,0.15757827240087852
244,0.16410595955867927
245,0.19108893623238654
246,0.15573376749297407
247,0.15087776420795623
248,0.1591205315339159
249,0.11337191862544369
250,0.13822264319624775
251,0.1270589975623423
252,0.14456484811317852
253,0.14630132312221983
254,0.15570056543176303
255,0.14683275701019446
256,0.16906748327181403
257,0.15999276182525496
258,0.16253651757994136
259,0.18760983069654574
260,0.1605861532416291
261,0.12367988962170673
262,0.10673358331542314
263,0.09891149793578295
264,0.1281205128739018
265,0.14696146898371154
266,0.14509712291283935
267,0.1460394445387207
268,0.13483962918233225
269,0.10476330101072343
270,0.09981736172153831
271,0.09680039619875723
272,0.14540057459668715
273,0.1829594045144038
274,0.14775715210803808
275,0.15943399975587755
276,0.14293843751225055
277,0.12218990057112726
278,0.10797364702461926
279,0.09934692873058344
280,0.10758070136601322
281,0.11314402786121978
282,0.12542185456968902
283,0.11045953134530348
284,0.09743331164597849
285,0.1186131530371768
286,0.13859099171158137
287,0.11694518854628402
288,0.08681949883581992
289,0.10871823384381468
290,0.09787205070520709
291,0.08144607022544278
292,0.10933717453717173
293,0.08508973755102946
294,0.06450469618522896
295,0.06931471453752261
296,0.08294261607735551
297,0.11915187680845643
298,0.10523404758070307
299,0.10614408287845577
300,0.10290867951062223
301,0.08734606609320308
302,0.11244253774688932
303,0.10861950680205662
304,0.10661268844352512
305,0.12360105035858988
306,0.11115288037336561
307,0.07190088693423712
308,0.06437901903309595
309,0.057453923957056036
310,0.0721639430304153
311,0.11389793621428249
312,0.11165325499648399
313,0.11704088774185711
314,0.11853949238281075
315,0.10132397857910176
316,0.10309537490248269
317,0.107936038619714
318,0.1082037785429097
319,0.12511442763230968
320,0.11305601708818643
321,0.1381786981471075
322,0.10825371364894178
323,0.09419900471843003
324,0.10038530402936004
325,0.08416097296750981
326,0.08322588828203023
327,0.0904369805023407
328,0.10602788345890682
329,0.112986456859774
330,0.08682882944125732
331,0.1170374227832063
332,0.09347383475665912
333,0.09480081500932251
334,0.09264259687082972
335,0.14166091732789177
336,0.13896888774960425
337,0.13378367573430586
338,0.1495116122672807
339,0.11793707086629047
340,0.10205762760030405
341,0.10560066274004694
342,0.11863460508993683
343,0.12538902002141783
344,0.12093747898204621
345,0.13340481765245374
346,0.12191690496895012
347,0.1200891254064668
348,0.1041932332873705
349,0.11846093006939536
350,0.09248245358373151
351,0.12946284614924355
352,0.12428523851105512
353,0.11838397456737729
354,0.11957521783019837
355,0.10506569402708489
356,0.09474169779716991
357,0.07553555472858223
358,0.08026576819104067
359,0.09832135273124759
360,0.07092927499968496
361,0.09794215553275731
362,0.09980759564261653
363,0.12032982221663531
364,0.1320364456164977
365,0.11872893623174115
366,0.1350565049258691
367,0.11739273831087756
368,0.11798634622522904
369,0.13151088366442346
370,0.14874024842174483
371,0.13113985148894972
372,0.12931592017801533
373,0.11870634394359471
374,0.10814314698839025
375,0.11531589638776919
376,0.1071298949458407
377,0.07964252517211973
378,0.1000658217756425
379,0.1134873627796015
380,0.12182429106013491
381,0.10554428632368022
382,0.0949596532862533
383,0.07820742998415164
384,0.07403584663402864
385,0.0834550951100156
386,0.09102845572103539
387,0.08629523526175686
388,0.08686417044912324
389,0.10044481825611352
390,0.103134671991612
391,0.10180842268643339
392,0.06766802996825148
393,0.04482213163154397
394,0.06860780964869
395,0.08193615852652428
396,0.10389057944430859
397,0.10900200589962962
398,0.10573054887204916
399,0.11856403700245413
400,0.14070419709999318
401,0.15006671738851574
402,0.14397280294831197
403,0.14974403443327364
404,0.11827717882133311
405,0.127236723229549
406,0.11510150537779777
407,0.11974433758845439
408,0.13541008881276348
409,0.12064844312857587
410,0.10392243632125557
411,0.10971587238002802
412,0.1020583920516132
413,0.09823020093118187
414,0.09406439893051986
415,0.11794063610771922
416,0.11995182189367133
417,0.08606153644378235
418,0.1038851443921789
419,0.09180487883462354
420,0.08220930792612015
421,0.08131407525830037
422,0.05046075307403528
423,0.047640598125025135
424,0.046687359779210784
425,0.03762803785665618
426,0.023553163549832414
427,0.024871971918627753
428,0.04015519946064638
429,0.025122255777612502
430,0.023289794827525544
431,0.020989812898627738
432,0.03610135845932008
433,0.03183616374693611
434,0.033076229018881756
435,0.03953751323585152
436,0.04786231648617332
437,0.04328744847931493
438,0.046663774725867135
439,0.04028594754427906
440,0.061568626084612714
441,0.041634017863559476
442,0.0488493915600688
443,0.06135680888492732
444,0.08357867192684079
445,0.056558300983023405
446,0.08219862367470207
447,0.05544339140038874
448,0.08145122653642661
449,0.06281925962147206
450,0.09235747532366079
451,0.08111471423925407
452,0.06953399245571289
453,0.07232406001758317
454,0.06077317603865441
455,0.07841475900543197
456,0.06240326119724338
457,0.05933497299935075
458,0.07747035457752967
459,0.058835789953656736
460,0.06183401387925422
461,0.06997407635616297
462,0.06608265915082363
463,0.09926291200219116
464,0.08878909738044619
465,0.05593125590895295
466,0.08661779567456984
467,0.08390625410171838
468,0.05542145245587461
469,0.07525625491875089
470,0.0629838263281614
471,0.05324647920348868
472,0.05247870335453863
473,0.04774988355969408
474,0.0533890178889432
475,0.05984051452965673
476,0.049701617514524496
477,0.055453494728272726
478,0.061439088255166564
479,0.06167266479752287
480,0.08456961785497889
481,0.09723471690780167
482,0.10214217905583116
483,0.10659851068469121
484,0.10193441627627917
485,0.09090269677230732
486,0.0953381598257029
487,0.08150824867325741
488,0.08389214159720436
489,0.06456007655843625
490,0.05157589527764818
491,0.07286871202186038
492,0.05357526934560241
493,0.07916099524953503
494,0.08792835264985266
495,0.07845765198112621
496,0.10200947665867781
497,0.09925506962976935
498,0.10348510438453272
499,0.0773391843990726
500,0.058717755332590556
501,0.049440632861846634
502,0.08299374420921406
503,0.08451904255527966
504,0.08763666259978733
505,0.09128801514618286
506,0.09749317047805142
507,0.08904353742886008
508,0.09769058259602657
509,0.09020498416652463
510,0.07772212377272607
511,0.061675455143902096
512,0.0652163663165157
513,0.0739021692717759
514,0.07940325496165183
515,0.0558354651210138
516,0.07717792195464811
517,0.06879896249758753
518,0.053308005146219466
519,0.0639575833460188
520,0.04195572966528626
521,0.047751087905925235
522,0.04752144522329694
523,0.04556738223811212
524,0.040585485646026404
525,0.04391157037329991
526,0.04162891079824245
527,0.050642898425480504
528,0.06676589860000375
529,0.05828498948305206
530,0.07130564007683415
531,0.06863807770491659
532,0.05722886432316136
533,0.04702901436073759
534,0.0602661600351514
535,0.04977438965051867
536,0.06948947372504818
537,0.09384668166544337
538,0.1132060619262283
539,0.09371387334436762
540,0.07722387784310131
541,0.06294616570455375
542,0.052287175064606194
543,0.05821753885209681
544,0.04760911989084363
545,0.05028600497821943
546,0.028717731148927887
547,0.033029300071121113
548,0.04899050284539007
549,0.04749951870454706
550,0.036376488929757075
551,0.060012407253468354
552,0.04746956285517481
553,0.06742347888423114
554,0.05583757616687296
555,0.0453691438068178
556,0.036673706081708266
557,0.023443064723114446
558,0.034695212176434155
559,0.0433412789480756
560,0.031161584293085035
561,0.04935333920024757
562,0.04675116188562446
563,0.06749703163265107
564,0.06341338396735464
565,0.06296688581881713
566,0.08163408366308848
567,0.06172543225359115
568,0.08403796811699618
569,0.0814630106966713
570,0.08317185347424547
571,0.09110268472070802
572,0.08431681522498274
573,0.09095362910309011
574,0.10330077350887479
575,0.09706270179402421
576,0.08153982745702777
577,0.0917382110649287
578,0.09799594266380655
579,0.08677496626910497
580,0.09137622065304848
581,0.07724216246946598
582,0.06550845467712045
583,0.05139344877294242
584,0.08108047618948194
585,0.07518148334008012
586,0.07996546377030801
587,0.0629055945172041
588,0.05295084660328358
589,0.06232753005227301
590,0.057772376854368986
591,0.06323258646828231
592,0.05842297801374387
593,0.06997428694618503
594,0.07295040345525065
595,0.06896705907420508
596,0.08383077280608639
597,0.07053685583519202
598,0.06800710593689624
599,0.07278167827218172
600,0.065207917063672
601,0.10246510351304246
602,0.0630355813512584
603,0.04131896146884681
604,0.06494499483032777
605,0.06083358438680832
606,0.04433047636536556
607,0.0449325020336297
608,0.057498863524722256
609,0.054784287397297626
610,0.06286056442441527
611,0.05701354023739993
612,0.04392422193574047
613,0.051351906432077446
614,0.07017199976003058
615,0.061632464972813016
616,0.05300247809293969
617,0.06641801852003464
618,0.0623743619571022
619,0.05296687172258803
620,0.062183571932896003
621,0.057796989548904436
622,0.05086873981527608
623,0.03206665808991786
624,0.036014568498561154
625,0.04966312619427602
626,0.04147589220039394
627,0.05787586166787629
628,0.04260362810660054
629,0.03363803010238566
630,0.046068764682184994
631,0.04180796007614699
632,0.04002462240279268
633,0.05454822105196914
634,0.062007750418763136
635,0.04683458404501149
636,0.029214189026330953
637,0.02832755773167663
638,0.024626782813543392
639,0.02265688227710816
640,0.022333744523650043
641,0.027659956678477104
642,0.03732227078792493
643,0.02943985729397625
644,0.03269041601573623
645,0.04487115931374707
646,0.04513615893666284
647,0.04617200822241812
648,0.05295286567561824
649,0.0388143978322633
650,0.02575839898860545
651,0.01911481383132711
652,0.02680607592478014
653,0.025053434958401493
654,0.0350096160660631
655,0.020053116141764714
656,0.030470479297051736
657,0.014154306515211068
658,0.024413598322406128
659,0.022018559945363763
660,0.0434903108195245
661,0.0338083788297062
662,0.0291268764592747
663,0.04575177032564749
664,0.05491983609488494
665,0.05843408798099117
666,0.05740304883815074
667,0.05126967341070092
668,0.05507638806931905
669,0.05213792376026007
670,0.0786932555620279
671,0.0767408249258539
672,0.07576995891831202
673,0.07203452736223977
674,0.06457681284310382
675,0.0727074244972123
676,0.09316761578651579
677,0.08696465623202124
678,0.0881787342759697
679,0.0770732657651121
680,0.07769113086754925
681,0.07437020008807727
682,0.08142843375895598
683,0.07200829173330621
684,0.08146448158697919
685,0.07530054922334306
686,0.08738255236774649
687,0.09554603375104746
688,0.09803791373165226
689,0.09889931024312848
690,0.09218145393005714
691,0.06571235129067826
692,0.06540790733713907
693,0.07468817935794869
694,0.07522022954095799
695,0.08489335886785399
696,0.07541786471283528
697,0.08743273629398936
698,0.09583860225690256
699,0.08023388162185338
700,0.06670540754047462
701,0.07651801507948007
702,0.08548412002438155
703,0.08495991438639688
704,0.07402159001351942
705,0.06808155307352748
706,0.04758319204732691
707,0.057726071443652875
708,0.04923844970780952
709,0.04571055170262096
710,0.061302813183995455
711,0.05600555530858408
712,0.05748656948887118
713,0.07083111100513147
714,0.08973041598796899
715,0.061575954274338034
716,0.07153335421225035
717,0.06379399141384971
718,0.05396144155243441
719,0.054765660223869014
720,0.06450735183022578
721,0.0562044954906289
722,0.05513350073127256
723,0.06983530206740687
724,0.06882798195509149
725,0.07852359192883528
726,0.07371785505274048
727,0.07779692287103399
728,0.08857438627364117
729,0.07234532110997913
730,0.06609109681645156
731,0.07459437867430492
732,0.07120644916528984
733,0.0921872207424678
734,0.09135791574905625
735,0.10995938293970196
736,0.11879725651372672
737,0.11508349305100178
738,0.10089975612853433
739,0.11662850197516339
740,0.12698065517733
741,0.11784627344411439
742,0.11881190709956953
743,0.12202672577872313
744,0.10894083481537933
745,0.11837071517161873
746,0.10921404977422196
747,0.10545303509429999
748,0.09545870090636377
749,0.11708582185895791
750,0.09875013353148336
751,0.11530852112498008
752,0.1112348949528567
753,0.1218929376137203
754,0.1213890805748958
755,0.10969500757803174
756,0.10995871812320156
757,0.11211761338961145
758,0.1171754243495156
759,0.09833742008290387
760,0.09059317979089711
761,0.08573929296418795
762,0.08970493570065845
763,0.09698913311318264
764,0.10194716221354219
765,0.11035246185128844
766,0.10685146429153387
767,0.10009823365735156
768,0.0967083488056881
769,0.09082266459771159
770,0.09104101988385219
771,0.08587951493070474
772,0.10402222687121185
773,0.11235130652832562
774,0.09447442776606321
775,0.09320386494241166
776,0.08480379765675217
777,0.0902931751893706
778,0.08791853176035115
779,0.09525893585940182
780,0.08412722375339983
781,0.07499298975718419
782,0.07110758052318207
783,0.06129368245802874
784,0.06665914558181736
785,0.07159762415249764
786,0.058735567055714734
787,0.06808397045640159
788,0.06409300313583151
789,0.05465548970125394
790,0.06718609883832334
791,0.0664025264126521
792,0.07735806214604057
793,0.07319576915102681
794,0.10348368857161507
795,0.08668263064404544
796,0.09339380547886732
797,0.10381048281582544
798,0.07951978903828566
799,0.0838557693271417
800,0.07940508139652551
801,0.09307077852815929
802,0.09823637811365254
803,0.09924992780280525
804,0.09590825228623663
805,0.10009178377095267
806,0.09458503094159058
807,0.09653644232205782
808,0.10474554722367765
809,0.09736266149508989
810,0.09587198285271324
811,0.10198599242173387
812,0.08284081251548314
813,0.09259915277818892
814,0.08949835012885872
815,0.09510585570446986
816,0.09359123135666117
817,0.08708240696630291
818,0.08673027582657612
819,0.0868699980944161
820,0.08297137871032212
821,0.07134956141792122
822,0.07953452363144223
823,0.08609963581883666
824,0.0938390847971541
825,0.11353676052850575
826,0.11111538803119642
827,0.09683520709150512
828,0.0920320396804904
829,0.08240224654028899
830,0.07393205125264803
831,0.08900579497054158
832,0.07767185553424268
833,0.07780604997599577
834,0.07503768019971296
835,0.07348149250921084
836,0.06230966980768308
837,0.06790220470061788
838,0.07179071641162198
839,0.06007155274757513
840,0.06531897400828768
841,0.05266544768713903
842,0.05928963005173821
843,0.05170685616202172
844,0.05459991596638476
845,0.06017344203197403
846,0.0458042951743872
847,0.05343811219763661
848,0.06087831988226135
849,0.07496095545099686
850,0.0742280198821082
851,0.07786989698287018
852,0.08977909967470622
853,0.07223737895378217
854,0.06452899964594555
855,0.06897418437330824
856,0.06571421972920885
857,0.07992115136069115
858,0.08225217761303545
859,0.06775367976985555
860,0.06346041792425747
861,0.07701733137815449
862,0.071815043770971
863,0.08693417750954074
864,0.09972844794611337
865,0.1175267921814086
866,0.09536504795972013
867,0.08830483215075677
868,0.08697675038840152
869,0.08680101722678836
870,0.09231510377267269
871,0.09642145369031709
872,0.08213464558744996
873,0.09915176887765866
874,0.09196762634844889
875,0.08693196145453934
876,0.11080965862091623
877,0.09800216572283506
878,0.07606653297979217
879,0.07461563252469114
880,0.0721970054733003
881,0.07004725758947962
882,0.05806304360844832
883,0.06163621503795526
884,0.06341447171722786
885,0.066689653272337
886,0.06733999154675581
887,0.0753616181952549
888,0.0699834496894582
889,0.07928223808094638
890,0.07317516852992534
891,0.06379088097063695
892,0.05946743153135272
893,0.0531577196828727
894,0.06885523146539829
895,0.05644588254056376
896,0.07990558973001449
897,0.06774491404118323
898,0.05259849820326257
899,0.04201971644295001
900,0.030772424757206963
901,0.049726466298579686
902,0.03988230677124022
903,0.028921033917681357
904,0.0337453117872881
905,0.02310958972485558
906,0.020547140703872067
907,0.03157615604138141
908,0.04322745917671796
909,0.02935602089162815
910,0.028364188541489442
911,0.03955666980019715
912,0.040818614632176495
913,0.040435557213763164
914,0.026050085417665864
915,0.04073110508245346
916,0.031421950478125245
917,0.022387315842807107
918,0.03650828916306742
919,0.034503719677276494
920,0.04415707686899311
921,0.029013443411240864
922,0.01705930404854262
923,0.04047650498562286
924,0.029865368822289483
925,0.041224325057271104
926,0.06469887257322167
927,0.05389890390093333
928,0.05455662902535689
929,0.061302719037867937
930,0.049713884030738245
931,0.04876091882304123
932,0.05126918529923983
933,0.03837401918201398
934,0.04899588655548174
935,0.033768962018719983
936,0.04882965780754136
937,0.04745828475895235
938,0.055863394656041586
939,0.048594382289683984
940,0.052244717333701396
941,0.03707599320876634
942,0.03841156031245974
943,0.03376661053813516
944,0.029598334194617534
945,0.02722324031258803
946,0.023383137091948378
947,0.03585753230048168
948,0.06220310218494773
949,0.038312330294062516
950,0.03399397778128156
951,0.05264246227220752
952,0.053067046099064305
953,0.054999643042975534
954,0.037664552794311995
955,0.057177655766878104
956,0.05642818596539547
957,0.06239272986657967
958,0.04816786557040929
959,0.05629576436764354
960,0.04983783537381807
961,0.05192038537282586
962,0.059156839111486004
963,0.07691562676500563
964,0.07917830510137946
965,0.0897595983906936
966,0.06624503877055066
967,0.05112462464464672
968,0.05747539506773651
969,0.06375791099678234
970,0.06936184626155788
971,0.0505013961097454
972,0.048775778702967454
973,0.04008736572737225
974,0.03468413117722601
975,0.030617941100774138
976,0.03336247597437492
977,0.04756251321251949
978,0.05823269493022421
979,0.0626685968494142
980,0.04873926304111062
981,0.06187212205906796
982,0.06946051864519977
983,0.06283741968526799
984,0.0707537344755326
985,0.06978096019840614
986,0.05723796577616205
987,0.07036794392261748
988,0.07225882978683522
989,0.07806413058274035
990,0.07516666473960973
991,0.05759078273421767
992,0.06189022491098644
993,0.07428907219739755
994,0.07025673851680081
995,0.07693638598612197
996,0.07284809474413624
997,0.06437004694525988
998,0.07728965991499653
999,0.0612652061512604
1000,0.058708752790197466
1001,0.059162896328489915
1002,0.06239536595814999
1003,0.06509983079147985
1004,0.06456093546079947
1005,0.0560181911672981
1006,0.05746534895173006
1007,0.047130111636074314
1008,0.0571184378526733
1009,0.053244305876345085
1010,0.05540477121048148
1011,0.042914140864359296
1012,0.05349078043817047
1013,0.07089252469671024
1014,0.07696067423861801
1015,0.06906413158353279
1016,0.06148559282115234
1017,0.0705881126080142
1018,0.08025801634374144
1019,0.06942882036826763
1020,0.06741179172880206
1021,0.08402011442833081
1022,0.075553774786712
1023,0.08619859498606706
1024,0.10797562843850292
1025,0.07109143663491674
1026,0.06399168886701131
1027,0.0742857437696895
1028,0.06162741599603782
1029,0.058055455430570835
1030,0.04985713532995793
1031,0.05006231740025674
1032,0.06132448905297432
1033,0.04896502545488343
1034,0.04271962555030757
1035,0.04678652968892657
1036,0.06080883424654989
1037,0.04822038607394311
1038,0.05553179171731821
1039,0.05478269125833582
1040,0.056394354192373666
1041,0.0625796099296902
1042,0.04775576552006058
1043,0.06226313265265306
1044,0.059252942030047856
1045,0.0703590217665333
1046,0.06626882442756601
1047,0.06796341706432397
1048,0.04326858655042091
1049,0.04659702729406434
1050,0.02882933848628897
1051,0.03852699215520071
1052,0.03242082495860179
1053,0.043141508107505736
1054,0.033322537738682476
1055,0.03097526765833756
1056,0.0303193892464152
1057,0.028365198077656757
1058,0.030147817343638028
1059,0.0212702517622544
1060,0.02482834967254576
1061,0.026417064125902164
1062,0.0436354421444905
1063,0.042039340841129286
1064,0.037476114250690654
1065,0.025860661960710542
1066,0.017453441741963102
1067,0.037959460469335245
1068,0.02142606505168806
1069,0.03701613510089443
1070,0.048684231008575135
1071,0.02769459521139153
1072,0.029260508921066655
1073,0.022876177576121915
1074,0.027716681892905756
1075,0.022793272496235188
1076,0.02011534238684399
1077,0.02054843340262289
1078,0.0335546079429986
1079,0.029027158329416356
1080,0.022530152899065726
1081,0.020679673104374057
1082,0.02877332154041956
1083,0.03533274585331036
1084,0.041938584207064374
1085,0.04180798469898029
1086,0.04018282845226703
1087,0.04868583149274283
1088,0.03642548257451407
1089,0.03354756581266073
1090,0.029108044336968453
1091,0.021836182963952164
1092,0.03318066097292445
1093,0.02497130984297115
1094,0.060756732331183
1095,0.05851928008757539
1096,0.04262775268967488
1097,0.04667505705294792
1098,0.05413865642925436
1099,0.051673147503166615
1100,0.050841437438297686
1101,0.05113640667040431
1102,0.06313564275238162
1103,0.05744151404904805
1104,0.07465181577829781
1105,0.060834540484566435
1106,0.07243721352403833
1107,0.07650200009898932
1108,0.07646351461046451
1109,0.06435688604083477
1110,0.08473046578963146
1111,0.06312355294120718
1112,0.07726705615398204
1113,0.06844934868047026
1114,0.07543415706230165
1115,0.0756796959564598
1116,0.06562799056681999
1117,0.05400694889366955
1118,0.042980179303401825
1119,0.05095664767553857
1120,0.04421268391710731
1121,0.058518689139575066
1122,0.06125874265750628
1123,0.07159309355116138
1124,0.07796848680760037
1125,0.0900419607321255
1126,0.07753207170931936
1127,0.08359120929422131
1128,0.07196049084756465
1129,0.06367094314939303
1130,0.058994303788547996
1131,0.0585246724880789
1132,0.06602678197574346
1133,0.07376367017939255
1134,0.07460756854676935
1135,0.0656385537623268
1136,0.06162579523424262
1137,0.053096519630583275
1138,0.047766488763984136
1139,0.05807765943264395
1140,0.05092114154984902
1141,0.05535285758736965
1142,0.03095575623551128
1143,0.02594734664551637
1144,0.04304538056611049
1145,0.04542123775597384
1146,0.06972731066554323
1147,0.06572177893904708
1148,0.07108304024874468
1149,0.05429189301159812
1150,0.043840953002034576
1151,0.058487722305633524
1152,0.06099952215841775
1153,0.08052180944782313
1154,0.057430122367619095
1155,0.042803937752700076
1156,0.06018369382105901
1157,0.05976936540429223
1158,0.035221200073032664
1159,0.03760969819101688
1160,0.06693935849473805
1161,0.06250960721447847
1162,0.04297697833506646
1163,0.0336851133049552
1164,0.03128605706087102
1165,0.026964035745921055
1166,0.01818499843218418
1167,0.020123406364765818
1168,0.03351633174855729
1169,0.033702012534843555
1170,0.05709279317174015
1171,0.048679909701322396
1172,0.0458034210638033
1173,0.059609616082527586
1174,0.046691615908375256
1175,0.06570049249961671
1176,0.0668806649020434
1177,0.06688261879628973
1178,0.05280068859930944
1179,0.04516588666272608
1180,0.05262293636536162
1181,0.05322141895274702
1182,0.04289450415476334
1183,0.03697778503795308
1184,0.04843422307016419
1185,0.055323568727100786
1186,0.051457882382611356
1187,0.047602636119462
1188,0.06273703601470827
1189,0.07393786441392142
1190,0.07267156134043926
1191,0.07209826791157008
1192,0.0787616005811945
1193,0.06329250251223266
1194,0.07527394859711516
1195,0.08809510716770512
1196,0.09100225123274393
1197,0.084136789724156
1198,0.09493739859011145
1199,0.08110042502970063
1200,0.07073849656269442
1201,0.06369639084765942
1202,0.06670175539492817
1203,0.050611177012232764
1204,0.05016955418469835
1205,0.061074613109721024
1206,0.06627776468867476
1207,0.05621218215983967
1208,0.06662909341371469
1209,0.08412474915864823
1210,0.06611748018238525
1211,0.08504266376307272
1212,0.06184687134346835
1213,0.06348542241152354
1214,0.05850831061531839
1215,0.07947137837531819
1216,0.05169209477342884
1217,0.0562712154027944
1218,0.04409971797870613
1219,0.05068843115186585
1220,0.04634087595873273
1221,0.04724432464856453
1222,0.04321377612338563
1223,0.03794489606340922
1224,0.05633717997333688
1225,0.05603251369009652
1226,0.053014694334359014
1227,0.062275958823761704
1228,0.049771555775848894
1229,0.062485891804958255
1230,0.03424872199410736
1231,0.0428899576210055
1232,0.03737717608528869
1233,0.046341487908561574
1234,0.04472858079723857
1235,0.04484818331342833
1236,0.039750505813728854
1237,0.04345016763495452
1238,0.04777952655424257
1239,0.05916923670807734
1240,0.04970554920164955
1241,0.0448605635291961
1242,0.040071619425445425
1243,0.041000885156043866
1244,0.0336984914696746
1245,0.028925946172934508
1246,0.01951083951670469
1247,0.029403432157241973
1248,0.03637450099806455
1249,0.0284861085008179
1250,0.026135563583637535
1251,0.04084787886961203
1252,0.03656976006652365
1253,0.04499374843478188
1254,0.04582464594615028
1255,0.052545793028478616
1256,0.042688411039630635
1257,0.04773018239621076
1258,0.05634086108692257
1259,0.049043958292390166
1260,0.04898663633635325
1261,0.04222811179300086
1262,0.04537530386036092
1263,0.05279450826813879
1264,0.07183394179556651
1265,0.06688805175204819
1266,0.05209509668685503
1267,0.045716428593580605
1268,0.051890776415723476
1269,0.06466529933995005
1270,0.07499002270576567
1271,0.05583542818676372
1272,0.04159752103092812
1273,0.044222955259618835
1274,0.03357756873509675
1275,0.036359197907138076
1276,0.04441837437649467
1277,0.05088358376278072
1278,0.03480112656988467
1279,0.04945877916582395
1280,0.0581941276069886
1281,0.04525936724953626
1282,0.04216489266837681
1283,0.03952991709176328
1284,0.037221292548359874
1285,0.03714385373747671
1286,0.028595556995055064
1287,0.039536959222101146
1288,0.05314357386511357
1289,0.04876147283679158
1290,0.04393316913393223
1291,0.03970190758270735
1292,0.04586729269351111
1293,0.04889533487029447
1294,0.044492501416292414
1295,0.037296453747158294
1296,0.052875172670190713
1297,0.0484831573304408
1298,0.053301935617798904
1299,0.048244011682541665
1300,0.049384836797276316
1301,0.04571748737541464
1302,0.03931626476679237
1303,0.0472168209437135
1304,0.05342539450421172
1305,0.05862738663739507
1306,0.060256679520110955
1307,0.06866747004969406
1308,0.0641944368978135
1309,0.059787343693642046
1310,0.06492489787195056
1311,0.05286012811901436
1312,0.05732524502997316
1313,0.07244685336329455
1314,0.07321652619954024
1315,0.055816443982251523
1316,0.06166237245318289
1317,0.06523369282498276
1318,0.05656460877356668
1319,0.06529922287493671
1320,0.06698485280035558
1321,0.07509834724008048
1322,0.05346534143031585
1323,0.06201919062165772
1324,0.06286200558436719
1325,0.05705042596595794
1326,0.053809987228704455
1327,0.055023400456152546
1328,0.059229358425106196
1329,0.060897829132484614
1330,0.06367396451588517
1331,0.06314279686706063
1332,0.056763364284361364
1333,0.06783649866982562
1334,0.06008015842783062
1335,0.05376673649772566
1336,0.04994178066480166
1337,0.04304731345852842
1338,0.06230023926251035
1339,0.0686452602540131
1340,0.05759155328406134
1341,0.07657895876462228
1342,0.0733180584528556
1343,0.06878821607923263
1344,0.0711210615244408
1345,0.07830078425506441
1346,0.07263568587224953
1347,0.0923464015664625
1348,0.07830450230290018
1349,0.08914243938421293
1350,0.08524228107303462
1351,0.08288927387251933
1352,0.08571587664967298
1353,0.06707592397050254
1354,0.05313962190036101
1355,0.045914002208374514
1356,0.040550459665587145
1357,0.03539369967726628
1358,0.051071082293528906
1359,0.06266688556249647
1360,0.06823563479841598
1361,0.06090132992002612
1362,0.05769228529529286
1363,0.05476692033357563
1364,0.06442480812662851
1365,0.057393955046434096
1366,0.05519289535051662
1367,0.057626443838917116
1368,0.06041450174306551
1369,0.05430024377310845
1370,0.056999915844346966
1371,0.06170366494470949
1372,0.08828746074182904
1373,0.0709090835521376
1374,0.07229315763752893
1375,0.0740325638309824
1376,0.06741490651722076
1377,0.058142981636916446
1378,0.07042070993028388
1379,0.06270910503127859
1380,0.07256575313772202
1381,0.07406939958967279
1382,0.07342483754227733
1383,0.06599911822247573
1384,0.06495355015955728
1385,0.06698753017138187
1386,0.07998828551581778
1387,0.08944629745915858
1388,0.10788902341580507
1389,0.09168640896876787
1390,0.07837246132294393
1391,0.08119820230093032
1392,0.12123406752754608
1393,0.10320429328160188
1394,0.1148855870279578
1395,0.09935416856778914
1396,0.09100003517774251
1397,0.08925255269495053
1398,0.08492132244032793
1399,0.0997357239933682
1400,0.10796452716166739
1401,0.09532897550886367
1402,0.10222863813297357
1403,0.08103697198815982
1404,0.07389334633122611
1405,0.07933122520789467
1406,0.0815660674311672
1407,0.07449640876561446
1408,0.08650220683267934
1409,0.07491317484288286
1410,0.07358228607752579
1411,0.06708360629450744
1412,0.06410197815858733
1413,0.07862569702512656
1414,0.08226035746311432
1415,0.08405321982776888
1416,0.08058849170153765
1417,0.09822180356891287
1418,0.08346175474788801
1419,0.0828738230445927
1420,0.07368736401884346
1421,0.07562218932917278
1422,0.08146843789693767
1423,0.07596495148081017
1424,0.07985931111473472
1425,0.10023718247854406
1426,0.10103371665337074
1427,0.09468699668636689
1428,0.10437264672402098
1429,0.10479508039816555
1430,0.10012304116195093
1431,0.07652006094725097
1432,0.06904376850035304
1433,0.08662551798209206
1434,0.06757790967399238
1435,0.06636459493787773
1436,0.06194861289086721
1437,0.057009543372186514
1438,0.06717480926923285
1439,0.06574185885964338
1440,0.06315057650080798
1441,0.06875963331492009
1442,0.06289639499214428
1443,0.05741530304294784
1444,0.05519120868643222
1445,0.058722036808789346
1446,0.04616333301886841
1447,0.05669406331990004
1448,0.05847908331213289
1449,0.058537907261004093
1450,0.07086619057644333
1451,0.0777191190628565
1452,0.0775048106117969
1453,0.07682639361694825
1454,0.06700262179562197
1455,0.0721826503614578
1456,0.07837603292971816
1457,0.0672637063880352
1458,0.06609554123787116
1459,0.06686296543007124
1460,0.0539082253966847
1461,0.05422426205459878
1462,0.04145816013937756
1463,0.03403127340759478
1464,0.034633055454648974
1465,0.04273419792244442
1466,0.04882021495095194
1467,0.036627234104766516
1468,0.0523491963608079
1469,0.05298043962796442
1470,0.05974964179057858
1471,0.04568242011551951
1472,0.05469339220798909
1473,0.05296372072412032
1474,0.048872985303824196
1475,0.05827594059179618
1476,0.05438705953829181
1477,0.06969132367040241
1478,0.06426664263240905
1479,0.0726024037677722
1480,0.06874694821053935
1481,0.04530054459310689
1482,0.05125735837302144
1483,0.044312783700882576
1484,0.0456189265187237
1485,0.04140800342784528
1486,0.05061302372473396
1487,0.06917958008289639
1488,0.07019389307988293
1489,0.0830542019554981
1490,0.0885825451218916
1491,0.09183275912398467
1492,0.08725825527587211
1493,0.0700735366704721
1494,0.0773851885421807
1495,0.0593743000094153
1496,0.0572498173252138
1497,0.05031299884557996
1498,0.06601726959585996
1499,0.05990398640042309
1500,0.0576454570114686
1501,0.0705881785103035
1502,0.05964446173692263
1503,0.07939507655997499
1504,0.08251153933131533
1505,0.08503400087093975
1506,0.0832893007683162
1507,0.0922132224544846
1508,0.08368366006723682
1509,0.08272120275728367
1510,0.08727073905238017
1511,0.08849222856916678
1512,0.095938961304629
1513,0.1092879595537256
1514,0.09657075858553588
1515,0.0951382108316918
1516,0.0836251562151991
1517,0.0732128248083271
1518,0.05780951895007426
1519,0.0583720768236032
1520,0.0586047872215864
1521,0.06061162200804549
1522,0.0508188503339057
1523,0.05054122788789358
1524,0.04336721765460699
1525,0.0395719033678295
1526,0.03251849577228725
1527,0.04052475777277649
1528,0.052839523152706985
1529,0.05178992563553108
1530,0.05931684262779497
1531,0.05895600731647928
1532,0.05961501282823699
1533,0.05851163904302641
1534,0.06083330137668822
1535,0.051769119341351
1536,0.04527093201499963
1537,0.057442515619004604
1538,0.050766896155538935
1539,0.056689007672852655
1540,0.05711613996296108
1541,0.059034037075362866
1542,0.05381909333183783
1543,0.07789969712903164
1544,0.08178855355970267
1545,0.08047188230800177
1546,0.10095303197369129
1547,0.09832176213349682
1548,0.09701163041665316
1549,0.08148597369948819
1550,0.08183943447221584
1551,0.07973085813835792
1552,0.0867170656764844
1553,0.08153748466685469
1554,0.09910151801999897
1555,0.10626560525144588
1556,0.0919101979348679
1557,0.09385545101512059
1558,0.09260931404215145
1559,0.08678675264006848
1560,0.10299981730725943
1561,0.09597697895932017
1562,0.08227280865057826
1563,0.0850988574139815
1564,0.10762067363915183
1565,0.10986765491926552
1566,0.10282552458139714
1567,0.10152127772172391
1568,0.09628745261022598
1569,0.09183628018915363
1570,0.08233292529820029
1571,0.09132700612699234
1572,0.0927357522913995
1573,0.09890305798320449
1574,0.10331684859804689
1575,0.09305104767243591
1576,0.10736225700315205
1577,0.10672955736782307
1578,0.09325549974814598
1579,0.10117510530766766
1580,0.09010206579253191
1581,0.10064468023165939
1582,0.09685424995629685
1583,0.09242891123261368
1584,0.09563726641801312
1585,0.08489789453859715
1586,0.076641697743996
1587,0.08614891971572376
1588,0.08947548131028527
1589,0.09605560473561095
1590,0.09645511744871141
1591,0.08333074099684286
1592,0.09268941211903631
1593,0.10545223919742203
1594,0.09294893678253678
1595,0.08867788473261967
1596,0.09084902768601787
1597,0.08931912487011595
1598,0.07682477285515311
1599,0.07684806605550144
1600,0.08195281030837215
1601,0.10664642199202441
1602,0.11479288640560392
1603,0.09073946838903064
1604,0.09200913247926494
1605,0.10157468464725827
1606,0.07692609581438502
1607,0.07618842035007665
1608,0.08712487338761955
1609,0.08762508624710834
1610,0.08206414244936051
1611,0.07960193298294155
1612,0.07497335739279418
1613,0.06812500875338394
1614,0.0970192881178247
1615,0.09051043910463312
1616,0.08811435425717343
1617,0.08121631891266749
1618,0.07310694273710978
1619,0.09971591564813972
1620,0.09825486189528707
1621,0.0921423912533507
1622,0.09310914524772332
1623,0.10746548823196847
1624,0.11034459920123932
1625,0.1147773001520939
1626,0.09623827646682169
1627,0.10196516584992642
1628,0.07640662789921719
1629,0.08724270595661213
1630,0.07542900292392092
1631,0.0807573101921856
1632,0.0885094153068445
1633,0.09073736313677927
1634,0.09327287477807875
1635,0.10134667721044482
1636,0.10005124532511055
1637,0.09277010114392163
1638,0.09922795626924702
1639,0.10740963133451592
1640,0.1014069119028267
1641,0.10404893467918502
1642,0.10433606153886986
1643,0.12925816080458602
1644,0.12447953366800865
1645,0.1314754961933472
1646,0.1453363539021067
1647,0.1630785950116157
1648,0.13557591200815453
1649,0.12601368392266332
1650,0.1506567941751163
1651,0.11778685058103201
1652,0.13022591202370923
1653,0.11380932732747054
1654,0.1164801414380238
1655,0.11851423370100042
1656,0.12968068862485807
1657,0.1324450202564716
1658,0.11610503719478227
1659,0.10536485276186582
1660,0.11093645824645383
1661,0.1348792458727892
1662,0.1342917820033276
1663,0.12537762689158702
1664,0.1362353114852458
1665,0.1377265441413728
1666,0.14003870206136185
1667,0.151824445866785
1668,0.14286982674944
1669,0.149820221100661
1670,0.16729004749341123
1671,0.14706370721863585
1672,0.15043089199055423
1673,0.16255982884719838
1674,0.1397781432388607
1675,0.15129394692227674
1676,0.17402882452441754
1677,0.14465065723899856
1678,0.13538168709869608
1679,0.14709299607890464
1680,0.1356050900656733
1681,0.15278079671406747
1682,0.1508880641373486
1683,0.1526979162570141
1684,0.15587819127358182
1685,0.1446940180485265
1686,0.13882514109691368
1687,0.1443318407927932
1688,0.12812088137785363
1689,0.13448150093428307
1690,0.1452601708557244
1691,0.14426060693591403
1692,0.13528243245746557
1693,0.1468497224854147
1694,0.15317343241465373
1695,0.14585783654440337
1696,0.14352455657860663
1697,0.14681709723122696
1698,0.172991809275083
1699,0.20152162146028899
1700,0.19849298833550527
1701,0.17456818768893154
1702,0.18157230037210867
1703,0.1786279758287126
1704,0.16234777700639513
1705,0.16159744540574525
1706,0.15063966899452197
1707,0.1542693454813594
1708,0.1553220700983707
1709,0.18176502328873287
1710,0.2007453989503724
1711,0.22241728421399531
1712,0.18825370036968775
1713,0.162080409970473
1714,0.17430936477618156
1715,0.14886880713146494
1716,0.15098218491782592
1717,0.12376474512729833
1718,0.12000210534037521
1719,0.11321688964567235
1720,0.11982418074659397
1721,0.1144363108444577
1722,0.1259886301897305
1723,0.12172966795098776
1724,0.1205587291110671
1725,0.12125050761401249
1726,0.12392830229782034
1727,0.12463267538002387
1728,0.11761559515408346
1729,0.1305714073098483
1730,0.12863652044243562
1731,0.1291433568440954
1732,0.144950891412236
1733,0.13716274281475974
1734,0.13981346469330003
1735,0.1478874271740829
1736,0.1460238480320494
1737,0.13517459675881274
1738,0.1371150483865623
1739,0.14899987447338256
1740,0.15277898693581632
1741,0.17328734483235664
1742,0.1803126085293807
1743,0.1708507677354542
1744,0.17756481113036118
1745,0.16935326403245465
1746,0.19642283593308885
1747,0.19895273356838475
1748,0.17007256308745303
1749,0.18382732100731078
1750,0.17699591287724495
1751,0.14868698343960265
1752,0.1689618024522377
1753,0.1501314290913613
1754,0.16210180721265335
1755,0.14327445014886223
1756,0.14678393027470557
1757,0.14984500398242687
1758,0.14230061708990177
1759,0.14273840005137228
1760,0.1610789500924946
1761,0.16365639441898783
1762,0.1530599334643305
1763,0.16452430004888008
1764,0.17330662451086903
1765,0.18359990451849778
1766,0.1998021720732651
1767,0.2119300993937419
1768,0.20469593557858337
1769,0.17594510884123482
1770,0.14803309947718157
1771,0.14832804046545
1772,0.1524672763496351
1773,0.13536576843693576
1774,0.13666989218244235
1775,0.12217555052869151
1776,0.11375287948201747
1777,0.12413248714336839
1778,0.15348566225293803
1779,0.14725884317292803
1780,0.1460677997895777
1781,0.1411015466628795
1782,0.1491585650133132
1783,0.16036423542028436
1784,0.14987706291144745
1785,0.1507662180465201
1786,0.13717499484695383
1787,0.14591121088089354
1788,0.12602622925625465
1789,0.14087461031931675
1790,0.16542044806862374
1791,0.15850583938467092
1792,0.17334801549372908
1793,0.1721487603954567
1794,0.18971855678754326
1795,0.18651082456745077
1796,0.17905110690840173
1797,0.15015005626478997
1798,0.145399449912564
1799,0.16386023092386415
1800,0.17338159089960362
1801,0.15522093181038887
1802,0.15067628314771225
1803,0.16993169585786236
1804,0.1603762390515421
1805,0.17447741126858385
1806,0.15933400376153758
1807,0.13585770802441924
1808,0.1397018493897282
1809,0.1407130722211294
1810,0.13715955198523805
1811,0.1323571290528317
1812,0.12312025477579998
1813,0.14812820154998796
1814,0.12271682196279009
1815,0.1183876600261689
1816,0.12819793853481992
1817,0.11938921839548053
1818,0.13333261184162648
1819,0.1374376321262701
1820,0.14862442551047414
1821,0.15473389216674194
1822,0.14988533618345284
1823,0.15799498946117535
1824,0.17587600703204334
1825,0.17975066622668565
1826,0.1820679826302613
1827,0.19961171445730913
1828,0.19053241400229554
1829,0.18066550297694145
1830,0.17231577707406434
1831,0.17084389796494978
1832,0.16483733012924837
1833,0.15872764186748048
1834,0.15000404286302932
1835,0.14988746605853762
1836,0.15046754307799443
1837,0.14278268292121224
1838,0.17279181679089717
1839,0.1641451330381359
1840,0.17515330369881318
1841,0.17098696893812526
1842,0.17496172212293495
1843,0.1736321753019954
1844,0.17055704195643165
1845,0.1619471511963872
1846,0.16189288247168548
1847,0.1557452258008932
1848,0.13766702278695706
1849,0.147306365241292
1850,0.1795244931909566
1851,0.17951795582870242
1852,0.18031691752521695
1853,0.18189240951706484
1854,0.1969876221730359
1855,0.19343766210916644
1856,0.18001149590035362
1857,0.18976178087554926
1858,0.17581485405281772
1859,0.18479699280743536
1860,0.17520609143250895
1861,0.17361473002456745
1862,0.18293139459306723
1863,0.19301281974255954
1864,0.18217772659849854
1865,0.17700249731256285
1866,0.19038854278703615
1867,0.1801021571727452
1868,0.18449660655199188
1869,0.1850215776704133
1870,0.17888798063746336
1871,0.19159828721231534
1872,0.1921135938686471
1873,0.1960297323986691
1874,0.19422711939200824
1875,0.16795692000042392
1876,0.17116527518582345
1877,0.17755182258576965
1878,0.17422963604179684
1879,0.18086524340107
1880,0.16378488867482058
1881,0.16481324899823288
1882,0.16224264981941072
1883,0.15459181841831704
1884,0.14515819539140867
1885,0.15552215017275936
1886,0.15639888815781416
1887,0.16490745595862683
1888,0.17503199568931346
1889,0.18730724142171853
1890,0.18517182619951011
1891,0.171116374238792
1892,0.1829387049826947
1893,0.18211859486421048
1894,0.19277218079223785
1895,0.19853276652278096
1896,0.19011537707386023
1897,0.1682708365027928
1898,0.18610164956486375
1899,0.1746230104273835
1900,0.1853376363592835
1901,0.1811654942309301
1902,0.20508221858816536
1903,0.20067266310065912
1904,0.19583021358004063
1905,0.1948970081961062
1906,0.19592579941910204
1907,0.21988393938203077
1908,0.20117199822855908
1909,0.20614168986151438
1910,0.21475144157497061
1911,0.21237006018002524
1912,0.2061656232555297
1913,0.1992755142907593
1914,0.2085958476614281
1915,0.18861431990722702
1916,0.204436213932416
1917,0.19458577558257256
1918,0.185755042630219
1919,0.17838193216647083
1920,0.1814435598879424
1921,0.17262463358417984
1922,0.1936515606624709
1923,0.18911477899504925
1924,0.19834420486499288
1925,0.18910169195912413
1926,0.18427140829078315
1927,0.19466948090454309
1928,0.1861034803449434
1929,0.17885560161160918
1930,0.18224631350079273
1931,0.17682762812271993
1932,0.17243585901130343
1933,0.1830241488062937
1934,0.17864193697522165
1935,0.16964650985680618
1936,0.16762490571554348
1937,0.15845053650096877
1938,0.15712531967769372
1939,0.16073211286193798
1940,0.16032199494967392
1941,0.15238391357472855
1942,0.15639984844831478
1943,0.1442030264401269
1944,0.15447243461082355
1945,0.15928431488383893
1946,0.1608085175138205
1947,0.16404105232156893
1948,0.16294092875036043
1949,0.16588119052625394
1950,0.18361204357533895
1951,0.18397217713590416
1952,0.17129552997424063
1953,0.16983364773546583
1954,0.15756731546873323
1955,0.17197585885967875
1956,0.1764186059265398
1957,0.17952281883828883
1958,0.1751372583018813
1959,0.17568959769957032
1960,0.1864108471736413
1961,0.19746792747176176
1962,0.19448462498317395
1963,0.19868375373687813
1964,0.2048227431703316
1965,0.19901653132959252
1966,0.19000285941586625
1967,0.1990766443562096
1968,0.1906360109526073
1969,0.19725865801112702
1970,0.21464314166348902
1971,0.2061103449946608
1972,0.2113250178870189
1973,0.22980078551341687
1974,0.21246746810875453
1975,0.2060189740053077
1976,0.20523751045289285
1977,0.19903137455289618
1978,0.1838665654584636
1979,0.19742724620586305
1980,0.20014893109011575
1981,0.2178896825182071
1982,0.1979025900036692
1983,0.19698317340641047
1984,0.18898283319734177
1985,0.18715812119774994
1986,0.19966139898980184
1987,0.18917630711038297
1988,0.19538554548738157
1989,0.19050564463723907
1990,0.2051124510823122
1991,0.21144608401339093
1992,0.20804732045770225
1993,0.19639222757863287
1994,0.20227606290150532
1995,0.20197663693656245
1996,0.21042409086500238
1997,0.22174357669812533
1998,0.20546470750880874
1999,0.2018967727765944
